seq_id,wildtype,site,mutation,rmsd,tm_score,sasa,avg_hydro,plddt,local_net_energy,global_net_energy,iptm_ptm,iptm,pDockQ/mpDockQ,average_interface_pae,average_interface_plddt,binding_energy,Num_intf_residues,Polar,Hydrophobhic,Charged,contact_pairs,sc,hb,sb,int_solv_en,int_area,pi_score,agmata,backbone,coil,disoMine,earlyFolding,helix,ppII,sheet,sidechain,bind,delta_bind,expr,delta_expr
G194Q,G,194,Q,6.232345235518682,0.9851937418507196,10525.434826690156,-0.2668178382464097,90.55015404785348,146995.3589738,146995.3589738,0.2921560121490811,0.186079,0.3521606667634654,5.86590145949189,76.81978417266187,-1920.707405427484,39,0.41,0.205,0.154,54,0.123,8,0,0.35,1268.72,-1.65,0.8229076923076922,0.8738307692307695,0.3651076923076926,0.1120358974358974,0.1525230769230769,0.2740666666666667,0.0732358974358974,0.3650102564102565,0.5819435897435901,9.08543,-0.17006,9.52419,-0.32935
V192S,V,192,S,6.220320693619747,0.9863061432667845,10486.002930955834,-0.2616780045351475,90.52210474308296,141951.6801975,141951.6801975,0.2896160011061482,0.18352741,0.3988484284019458,6.231300418654447,74.69205673758863,-2017.696438842628,44,0.386,0.25,0.182,72,0.136,19,0,1.45,1315.71,-0.54,0.916061538461538,0.8698512820512823,0.3694,0.1300307692307692,0.1515179487179487,0.2683333333333332,0.0749794871794871,0.362605128205128,0.5813282051282054,9.08289,-0.1726,9.66455,-0.18899
A65S,A,65,S,6.322579082911751,0.9866221079290108,10481.533508754354,-0.2628873771730916,92.27707100591688,142434.9308707,142434.9308707,0.289217713353937,0.18373522,0.586887007555009,7.04666846336388,79.17305732484077,-264.015019811561,57,0.368,0.333,0.123,107,0.018,28,4,2.95,1294.73,0.84,0.8780871794871794,0.8707948717948724,0.3691743589743589,0.1185692307692307,0.1534871794871794,0.2623692307692307,0.0751692307692308,0.3692358974358974,0.5816410256410259,7.90015,-1.35534,8.42616,-1.42739
N22V,N,22,V,6.498219489067683,0.9870460852115168,10520.946368259163,-0.2761148904006047,92.13493263227092,141221.1882132,141221.1882132,0.3021287833240674,0.19714445,0.4140025997488329,6.00534801880229,72.45932584269661,-808.6957760690868,48,0.417,0.313,0.083,63,0.151,14,2,-6.26,1579.22,-1.35,0.888225641025641,0.8771435897435904,0.3633794871794872,0.1037435897435897,0.1508051282051281,0.2679128205128204,0.0732102564102564,0.3735384615384615,0.5839230769230774,8.71668,-0.53881,8.9719,-0.88165
F45Y,F,45,Y,6.326481941387607,0.9860020022444618,10546.047666901144,-0.2660619803476947,92.31629520052584,140430.8623774,140430.8623774,0.2880698014863798,0.18175122,0.3467137059302754,5.591178990060633,74.29393103448271,-2089.9179283331864,39,0.359,0.231,0.179,53,0.212,8,1,0.99,1292.71,-1.89,0.8689538461538463,0.8728564102564109,0.3675230769230769,0.121676923076923,0.1560461538461538,0.2656410256410255,0.0746820512820513,0.3686205128205129,0.5828000000000003,8.78329,-0.4722,9.02024,-0.8333
F45I,F,45,I,6.10389270740027,0.9817476216953456,10530.180139306653,-0.263416477702192,91.88499671052573,141641.2081612,141641.2081612,0.2901154683814954,0.18427187,0.4526615794593529,6.598440627835013,77.97413043478257,-423.5555190152246,45,0.356,0.311,0.2,73,0.041,9,0,-0.14,1142.97,-0.89,0.8777794871794872,0.8730769230769239,0.3669846153846154,0.111051282051282,0.1499846153846153,0.2676615384615383,0.074625641025641,0.3675435897435898,0.5818512820512824,9.15714,-0.09835,9.48618,-0.36737
G150S,G,150,S,6.36147553157575,0.986699685048319,10568.1850524064,-0.2655328798185942,92.12304105090284,142380.870951,142380.870951,0.2865489134607748,0.17927895,0.4734935178321948,6.624999260295935,77.21157534246578,-2150.8228095080585,50,0.44,0.26,0.16,84,0.091,22,0,0.4,1410.48,-0.33,0.8057692307692309,0.8725589743589747,0.3660717948717949,0.1155487179487178,0.151876923076923,0.2742871794871795,0.0734410256410257,0.3638974358974358,0.5821230769230769,9.12368,-0.13181,9.63755,-0.21599
N2I,N,2,I,7.005982038148391,0.9866547861136288,10521.398128477716,-0.2701436130007559,92.23102757715048,129288.0033897,129288.0033897,0.2876597707751118,0.1809197,0.4778044592991533,7.432621221261186,77.13452702702702,-1909.608692898142,50,0.46,0.22,0.16,97,0.105,15,0,0.77,1359.32,-0.44,0.872025641025641,0.8760717948717957,0.3641179487179488,0.1284102564102563,0.157123076923077,0.2699641025641024,0.073425641025641,0.3702051282051282,0.5838564102564107,8.66641,-0.58908,9.04726,-0.80629
D7W,D,7,W,7.848300219518157,0.9868548138987324,10573.31862372502,-0.3009826152683296,91.91376678676797,129357.5546812,129357.5546812,0.2915440724495832,0.18585788,0.4231556497485974,6.279988013158571,76.33958904109588,-2211.311301155394,51,0.412,0.235,0.157,86,0.167,23,1,-1.13,1428.85,-0.31,0.8688102564102566,0.877682051282052,0.3641025641025642,0.1314153846153846,0.1614102564102564,0.2703743589743589,0.0723897435897436,0.3701076923076923,0.5871692307692311,9.02448,-0.23101,9.40286,-0.45068
S182M,S,182,M,6.266420025979588,0.9870526651703744,10592.083753906698,-0.2755857898715042,92.17272727272756,143068.3763695,143068.3763695,0.2894195487606693,0.18194538,0.2510839452983829,6.824471930223229,73.80816793893126,-2428.5800524351353,42,0.405,0.214,0.143,53,0.099,8,0,-3.0,1136.93,-1.72,0.2638410256410256,0.8761897435897434,0.3643435897435899,0.1293076923076922,0.1575589743589744,0.2738461538461538,0.0727128205128204,0.3664512820512822,0.5834307692307696,8.7145,-0.54099,9.03298,-0.82056
F10D,F,10,D,5.280356930986618,0.9873042745779548,10630.688866437296,-0.2380196523053666,91.21397955819316,128417.6734074,128417.6734074,0.2923258209737178,0.18665156,0.5439317234066188,7.012607925311501,79.27754966887414,-349.00344402891693,55,0.382,0.327,0.127,93,0.038,23,1,2.71,1250.83,0.35,0.8721435897435899,0.8692205128205135,0.3705487179487179,0.1117282051282051,0.1480205128205128,0.2639230769230768,0.0759538461538461,0.3646102564102563,0.5791076923076927,7.00952,-2.24597,8.40878,-1.44476
F154Q,F,154,Q,6.160388457594505,0.9864592851845806,10590.139512747852,-0.2528344671201815,92.08401250822904,139795.9312937,139795.9312937,0.2849562715730463,0.17779174,0.5434234037205921,8.816957805642438,74.4205479452055,-2324.8495144833464,64,0.422,0.266,0.156,126,0.047,21,1,1.24,1375.49,0.39,0.7998051282051286,0.8683641025641028,0.3687589743589745,0.1265743589743589,0.1486410256410256,0.2682717948717948,0.0757230769230769,0.3630358974358977,0.5791025641025643,8.4059,-0.84959,10.08766,0.23411
F60N,F,60,N,5.63911222407132,0.9860109115551944,10527.520115000323,-0.2528344671201815,91.75594069192834,144617.5319416,144617.5319416,0.2867326987548662,0.18041858,0.5093112487848347,7.491254851086983,75.52746753246753,-2284.6810370596395,58,0.414,0.276,0.155,112,0.06,13,0,-0.13,1417.02,-0.22,0.8734615384615385,0.8683487179487186,0.3706923076923077,0.1261641025641025,0.1496512820512821,0.2648769230769229,0.0758615384615384,0.363902564102564,0.5802051282051286,,,,
T13W,T,13,W,7.586942308999081,0.9867849783041748,10620.956615563246,-0.2829931972789116,92.3204621435597,125111.7378155,125111.7378155,0.2901872086981338,0.18396068,0.4643351567496431,5.893990649490167,77.3092567567568,-409.0719132755363,60,0.367,0.317,0.133,118,0.05,18,0,1.56,1212.21,0.25,0.8663846153846155,0.8770307692307698,0.3655538461538462,0.1170615384615384,0.1608769230769231,0.2708410256410256,0.0726615384615384,0.366851282051282,0.5857641025641029,8.08458,-1.17091,7.76622,-2.08733
V180E,V,180,E,6.20973862061713,0.986504813075608,10542.021003104806,-0.243310657596372,92.65485197368484,142393.8040522,142393.8040522,0.2887474999934276,0.18276964,0.3791431013780092,6.166602658206581,76.49282758620689,-2221.3834272602608,50,0.42,0.24,0.14,69,0.174,14,0,0.38,1400.84,-1.32,0.6315487179487179,0.8694974358974357,0.368697435897436,0.1246358974358974,0.1469025641025641,0.2707641025641026,0.0749333333333333,0.3609948717948719,0.5797282051282052,6.32022,-2.93526,8.02608,-1.82747
N90A,N,90,A,5.862670764758216,0.9862400877009404,10612.349205436883,-0.2708238851095995,92.2592788936457,139598.7018395,139598.7018395,0.283842927066316,0.17700028,0.4990891716620782,8.043861508461429,77.76062499999998,-2393.4068082810377,48,0.5,0.188,0.146,109,0.091,21,0,1.0,1386.44,0.16,1.0327487179487185,0.8745948717948725,0.3640358974358975,0.1146974358974359,0.1553897435897436,0.2737846153846153,0.0735128205128205,0.3658923076923075,0.5829538461538465,7.41273,-1.84276,8.41356,-1.43998
L160S,L,160,S,6.111420395056828,0.9869024043811728,10653.065934721331,-0.2560090702947847,92.122034289482,142526.0749801,142526.0749801,0.283638822504006,0.17592208,0.4955420218965428,8.171633418007143,77.57367088607596,-2313.882811056775,53,0.491,0.245,0.151,108,0.033,21,0,0.78,1491.8,0.18,0.9814820512820512,0.8684410256410258,0.3699948717948717,0.1272666666666667,0.1497948717948718,0.2620564102564102,0.0759897435897435,0.3674615384615385,0.5811282051282053,7.27797,-1.97752,8.49514,-1.3584
F132F,F,132,F,6.219820945134804,0.9862227533515124,10590.501326445492,-0.2671201814058958,92.04854653074683,139988.6574173,139988.6574173,0.2863260002681526,0.17948522,0.4768953606410764,7.636080615233934,75.62919463087249,-2303.2871630901545,50,0.46,0.24,0.14,99,0.06,23,0,0.32,1403.85,0.03,0.8685743589743591,0.8732051282051289,0.3668307692307693,0.1157435897435897,0.1533897435897436,0.2681897435897435,0.0741384615384615,0.3673025641025642,0.5826102564102568,9.25549,0.0,9.85355,0.0
S182S,S,182,S,6.2226909708764975,0.9867176237749096,10507.465893455988,-0.2671201814058958,92.19090101940152,141864.9225851,141864.9225851,0.2902878613718492,0.18426394,0.3044056048816879,5.3542768571216595,72.6883088235294,-2196.176206815517,34,0.412,0.176,0.118,41,0.193,12,2,0.77,1245.13,-1.58,0.8685743589743591,0.8732051282051289,0.3668307692307693,0.1157435897435897,0.1533897435897436,0.2681897435897435,0.0741384615384615,0.3673025641025642,0.5826102564102568,9.25549,0.0,9.85355,0.0
F132Q,F,132,Q,6.074527217878567,0.9872325647886424,10589.33254964949,-0.2528344671201815,92.14643844634617,147496.9810227,147496.9810227,0.2881747783370191,0.18146655,0.4635376452350211,6.872455554866791,78.56891156462585,-2075.2050849110647,54,0.426,0.259,0.148,90,0.089,20,0,0.62,1350.12,-0.35,0.8557846153846155,0.8683487179487187,0.3687692307692307,0.1240871794871794,0.1499435897435898,0.2682410256410257,0.0757282051282051,0.3630410256410257,0.5791076923076924,8.8237,-0.43179,9.29859,-0.55495
N107C,N,107,C,5.985945061432963,0.986601663383736,10507.909115385595,-0.273469387755102,91.98199473337688,141662.6838701,141662.6838701,0.2837312550100351,0.1761773,0.4961757990435197,7.845372406402966,76.94601398601398,-2278.6200416165066,51,0.471,0.255,0.157,103,0.048,23,0,0.73,1341.32,0.14,0.8280205128205129,0.8776615384615394,0.3657435897435898,0.1090615384615385,0.1580666666666667,0.2678512820512821,0.0733179487179487,0.3698820512820512,0.5847743589743595,8.25394,-1.00155,9.1329,-0.72065
I26E,I,26,E,5.663868745016385,0.9864335877655998,10490.191688662442,-0.2417233560090703,92.01996378004522,126956.5531605,126956.5531605,0.2953495730789027,0.1898017,0.3608879874585148,5.869585134295571,77.630652173913,-2227.4150349460306,51,0.373,0.235,0.196,66,0.131,15,1,-1.38,1256.67,-1.28,0.872994871794872,0.8683846153846159,0.3690564102564103,0.1119282051282052,0.1549948717948717,0.2675846153846153,0.0753641025641025,0.3632358974358974,0.5792102564102568,6.96262,-2.29287,8.30263,-1.55091
V75D,V,75,D,5.824114103931823,0.9868297151068331,10471.297148387092,-0.2433106575963719,92.42222258807982,143131.0760763,143131.0760763,0.2876796778432294,0.18112968,0.4392606464126957,5.243328811715564,74.41954248366014,-2326.7122557376806,56,0.321,0.286,0.196,80,0.229,23,1,-3.31,1362.09,-0.65,0.8866666666666668,0.8691948717948726,0.3706769230769231,0.1301076923076922,0.1495846153846154,0.2678102564102563,0.0754564102564102,0.3604564102564102,0.5797128205128209,6.58019,-2.6753,8.42913,-1.42441
F154P,F,154,P,6.118035896184861,0.9872404454005124,10458.16676083232,-0.2538926681783826,92.03187149917623,146302.0344245,146302.0344245,0.287491632111091,0.18060614,0.4298901051358044,5.9607266297626635,73.19511235955056,-634.5327734395757,58,0.397,0.31,0.103,73,0.277,8,5,-3.48,1602.55,-1.08,0.8096666666666666,0.866200000000001,0.3728666666666668,0.1311692307692308,0.148025641025641,0.2593589743589742,0.077574358974359,0.3645641025641026,0.5792923076923079,9.04183,-0.21366,10.05017,0.19663
S17A,S,17,A,6.060916942086061,0.9871864984812376,10550.625673493763,-0.2713529856387,92.1503618421052,141253.5430871,141253.5430871,0.2973442283751499,0.19263688,0.4088045721896705,5.973890596325846,73.59104895104895,-1206.8363906733382,56,0.393,0.321,0.125,97,0.053,19,0,0.23,1141.98,0.02,0.8683282051282052,0.8755128205128211,0.3645179487179487,0.1137948717948718,0.1619692307692307,0.273651282051282,0.0731179487179487,0.3656358974358974,0.5835846153846158,8.46541,-0.79008,9.05302,-0.80052
E133N,E,133,N,6.174201769515441,0.9870117039656592,10541.016244684515,-0.2819349962207105,92.20606250000029,142419.4707445,142419.4707445,0.2891055295548024,0.18235898,0.3879097716494415,6.242375628679511,76.34042553191487,-1655.36842331329,41,0.415,0.22,0.146,61,0.112,15,1,0.57,1291.01,-1.08,0.8661641025641025,0.873266666666667,0.3683179487179486,0.1160820512820512,0.1538974358974359,0.2660102564102565,0.0741179487179487,0.3677076923076924,0.5844307692307694,8.64355,-0.61194,8.70666,-1.14688
D32P,D,32,P,6.472326132684186,0.986658638419361,10537.96341154669,-0.2829931972789116,92.18498192573054,142600.3031452,142600.3031452,0.2913640334530779,0.18587175,0.5747460278183354,6.797981383463184,77.45681528662419,-140.5224818200548,59,0.356,0.339,0.153,98,0.032,23,1,3.98,1375.7,0.5,0.8702820512820516,0.8710102564102571,0.3686871794871795,0.1161641025641026,0.1592564102564102,0.263553846153846,0.0754461538461538,0.3682512820512821,0.5833179487179492,8.63048,-0.62501,8.56271,-1.29083
N118N,N,118,N,6.218677388950414,0.9861277359671649,10564.30500652202,-0.2671201814058958,92.02327523840832,140493.910816,140493.910816,0.2867303478838102,0.18002519,0.3637520365288567,5.823750076561331,75.42723404255321,-2195.187935223169,38,0.421,0.211,0.158,53,0.182,12,4,1.97,1229.21,-1.31,0.8685743589743591,0.8732051282051289,0.3668307692307693,0.1157435897435897,0.1533897435897436,0.2681897435897435,0.0741384615384615,0.3673025641025642,0.5826102564102568,9.25549,0.0,9.85355,0.0
Y91D,Y,91,D,5.553215243753427,0.9872632300720272,10488.53154467674,-0.2390778533635677,93.16547823218956,146993.9079429,146993.9079429,0.2938624436900073,0.18792558,0.4035750966693295,6.949732920190562,77.28537931034482,-2025.9670200306905,43,0.465,0.256,0.14,78,0.072,23,0,2.16,1253.35,0.04,0.9167538461538464,0.8687128205128214,0.3702974358974359,0.1277641025641026,0.1484615384615384,0.2665538461538461,0.0757179487179487,0.3622666666666666,0.5783846153846156,6.10619,-3.1493,8.39758,-1.45597
N62S,N,62,S,5.818960450086142,0.9868715719670992,10594.813938165398,-0.2665910808767952,91.93101053324558,138946.5932995,138946.5932995,0.2880507915540591,0.1812008,0.4902790344082173,7.763302283932225,74.37620689655172,-2318.5559051160603,56,0.446,0.268,0.143,110,0.041,19,0,2.67,1386.77,0.21,0.8728769230769231,0.8721948717948727,0.3663692307692308,0.1135076923076924,0.1509179487179487,0.267953846153846,0.0745435897435897,0.3678666666666666,0.5819641025641028,9.26345,0.00796,9.69869,-0.15485
G115N,G,115,N,6.658350386323344,0.986832498555838,10600.771404410916,-0.2660619803476947,91.93784776902844,147902.6548065,147902.6548065,0.2887748007170864,0.18242194,0.4051040734307687,7.948894402817613,78.55156462585035,-2352.6909498668656,45,0.556,0.2,0.133,95,0.058,21,0,1.06,1411.23,0.08,0.9196358974358974,0.8736051282051288,0.3665025641025641,0.1166666666666667,0.1540358974358975,0.2745333333333333,0.0730358974358974,0.3633487179487178,0.5827794871794876,7.52892,-1.72657,9.54934,-0.3042
V180Q,V,180,Q,6.221099793890433,0.9864303732931649,10596.989032764544,-0.2581254724111868,92.53927350427328,140662.1218512,140662.1218512,0.2904230896169536,0.18427938,0.4150778684042515,6.557577844928293,78.27433566433565,-2087.266822523815,51,0.431,0.235,0.157,79,0.188,21,0,-1.71,1393.26,-0.72,0.649420512820513,0.8696820512820511,0.3683128205128205,0.1271846153846154,0.1468358974358975,0.2717076923076922,0.0747538461538461,0.3606615384615385,0.5803743589743593,6.82986,-2.42563,8.08168,-1.77187
S182Y,S,182,Y,6.321837030427405,0.9870894598299806,10605.00451799871,-0.2808767951625095,92.26050475253976,141848.2273241,141848.2273241,0.2878484665956194,0.18178993,0.3962996058097957,6.561988099102388,74.47300699300702,-2234.643097556676,41,0.463,0.22,0.122,70,0.168,17,2,3.14,1234.11,-0.54,0.1081846153846154,0.8781589743589742,0.3644205128205127,0.1099487179487179,0.1466102564102563,0.2688717948717948,0.0726974358974358,0.3712769230769232,0.5854307692307695,8.91873,-0.33676,9.43378,-0.41976
L3K,L,3,K,6.703008166498996,0.9869710500017028,10592.921958691582,-0.2562358276643992,92.13822273324612,143089.0191789,143089.0191789,0.2912847012674301,0.18529615,0.4432026887627087,8.693957548085097,70.06767605633806,-2573.95838463803,53,0.472,0.264,0.113,88,0.038,10,0,0.56,1348.43,-0.55,0.8692,0.8712000000000006,0.3684615384615385,0.1119589743589743,0.1511538461538462,0.2655538461538461,0.075051282051282,0.3665897435897435,0.5810974358974363,9.28202,0.02653,9.87939,0.02585
C156L,C,156,L,6.536276030624308,0.9866487758859964,10490.265222703769,-0.2713529856387,91.82497541789547,141372.2993478,141372.2993478,0.2915450731970075,0.1862135,0.293397268284162,3.6574394374673815,59.87967479674795,-181.86046964392085,28,0.214,0.429,0.143,39,0.204,16,5,1.29,1047.24,-0.51,0.9245230769230772,0.8724512820512823,0.3643743589743591,0.1128871794871795,0.1517435897435898,0.2744410256410257,0.0735384615384615,0.3650923076923077,0.5812615384615384,7.07919,-2.1763,8.62666,-1.22689
F158Q,F,158,Q,6.168380949049458,0.9874833324300402,10649.3135556674,-0.2528344671201815,92.2179460171164,129738.3901425,129738.3901425,0.2902400111588902,0.1838279,0.4421382940689288,7.219345243295303,76.2279720279721,-2180.370150552375,52,0.423,0.25,0.154,98,0.065,16,0,2.46,1282.61,-0.26,0.7701384615384617,0.8683230769230774,0.3687589743589744,0.1371692307692308,0.1469128205128205,0.2682666666666667,0.0757230769230769,0.3630615384615385,0.5790717948717947,9.21602,-0.03947,9.95497,0.10143
L93T,L,93,T,5.813328507244993,0.9864403098494088,10590.216735278558,-0.2597127739984883,92.16936758893289,139540.3711374,139540.3711374,0.2885293333061461,0.18289283,0.5525665375698955,8.23305011406923,66.69644067796607,-555.6999622979984,75,0.387,0.347,0.147,122,0.056,16,3,1.07,1646.77,0.31,0.6028410256410256,0.8708974358974364,0.3689538461538461,0.1193230769230768,0.1524717948717949,0.2598974358974359,0.0755794871794872,0.3713897435897434,0.5821846153846157,7.89519,-1.3603,8.39502,-1.45853
T138V,T,138,V,6.300054188716075,0.98691955472042,10508.334412190134,-0.2729402872260015,92.00780808412692,142502.49392,142502.49392,0.2948103176136436,0.18893543,0.4060773367623658,6.985470813869781,76.57916083916088,-1995.1953476324472,51,0.412,0.255,0.176,84,0.107,14,1,-1.36,1247.79,-0.85,0.878923076923077,0.8758102564102568,0.3647025641025641,0.1005948717948717,0.1572923076923077,0.2701384615384615,0.0732051282051282,0.3694000000000002,0.5835025641025643,8.92331,-0.33218,9.36046,-0.49308
N107E,N,107,E,6.286252758143411,0.98660494399822,10521.979099806304,-0.252305366591081,92.02524326101152,141889.0646294,141889.0646294,0.287898154330884,0.18135989,0.4563730815713704,7.618730696641147,78.2581578947369,-2203.818082443342,58,0.448,0.259,0.155,103,0.054,22,0,-0.12,1439.35,0.02,0.8947076923076925,0.8731333333333339,0.3653641025641025,0.1174307692307692,0.1529948717948718,0.2703794871794872,0.0741846153846154,0.3668820512820511,0.5808000000000002,7.24449,-2.011,9.43898,-0.41456
F97M,F,97,M,5.946739959952626,0.9863628205672784,10526.911679320538,-0.2607709750566894,92.2271362738647,145971.1480616,145971.1480616,0.2913210022961891,0.1854072,0.4605883677414304,7.568159292826132,75.66290540540544,-2090.3734115841885,54,0.407,0.278,0.148,90,0.063,8,0,-0.57,1334.56,-0.96,1.0829333333333333,0.8704358974358981,0.3674205128205128,0.1176461538461538,0.1504820512820513,0.2715794871794872,0.074774358974359,0.3628205128205127,0.5803846153846156,8.00759,-1.2479,8.38081,-1.47274
Y157C,Y,157,C,6.050335129578999,0.9871419594923648,10552.709113262888,-0.2602418745275889,91.94244143846932,144975.4743403,144975.4743403,0.285287735661698,0.17835268,0.3114293623849961,3.593274184141801,63.665916666666654,-673.521789081915,32,0.188,0.375,0.188,41,0.155,11,6,-0.08,1145.6,-1.18,0.7324923076923078,0.8731128205128207,0.3689538461538462,0.1191282051282051,0.1529333333333333,0.2670820512820513,0.0744358974358974,0.3651435897435899,0.5821692307692308,6.29777,-2.95772,9.72857,-0.12497
L58Q,L,58,Q,5.966103772000065,0.9866908802176958,10497.966256545044,-0.2565381708238852,92.06261599210237,142472.7460965,142472.7460965,0.283022920158127,0.17521341,0.5230718604140996,8.675228946033803,78.83075862068968,-2945.5443814396326,57,0.491,0.193,0.14,122,0.017,16,4,-3.51,1278.26,0.06,0.8737128205128206,0.869482051282052,0.368471794871795,0.1166153846153847,0.1543230769230769,0.265702564102564,0.0754307692307692,0.3661128205128205,0.5807128205128208,9.16487,-0.09062,9.45601,-0.39754
T83P,T,83,P,6.225351743779982,0.9865499486564308,10517.782352391972,-0.2650037792894936,92.037878987176,141408.0038614,141408.0038614,0.2952679597999773,0.18983689,0.5211588685821653,6.470649721661964,80.73339869281043,-381.19473673964217,65,0.354,0.308,0.154,88,0.053,24,0,-0.87,1327.39,0.03,1.0013333333333332,0.8696256410256415,0.3703948717948718,0.1184153846153847,0.1503076923076924,0.2651384615384615,0.0758666666666666,0.3634871794871793,0.5813179487179492,8.63734,-0.61815,8.68267,-1.17087
N85S,N,85,S,5.873240075077303,0.9866222778252136,10498.3902716126,-0.2665910808767953,92.36754443713048,145063.9757733,145063.9757733,0.2952059044706439,0.18965062,0.3187964106948832,3.630954173309609,60.8285925925926,-369.74840287084066,31,0.226,0.226,0.29,40,0.109,16,13,3.64,1053.19,-0.41,0.7576871794871798,0.8721692307692316,0.3663641025641025,0.1161179487179487,0.1529897435897436,0.2679589743589742,0.0745692307692308,0.3678564102564102,0.5819692307692311,9.23039,-0.0251,9.6902,-0.16335
K92C,K,92,C,5.341393423849282,0.9865982428418032,10549.403625178584,-0.2882842025699169,92.2508679867989,145141.9676786,145141.9676786,0.2914530223885155,0.18579002,0.4572773523099217,6.8485397173332005,79.45503355704693,-2201.8953253358427,52,0.404,0.288,0.154,90,0.089,17,0,-0.13,1301.15,-0.44,1.0086666666666666,0.8770974358974366,0.3673589743589743,0.1104153846153846,0.1588307692307692,0.2651282051282051,0.0735025641025641,0.3703230769230767,0.5856564102564107,8.06432,-1.19117,8.53487,-1.31867
G84V,G,84,V,7.040386617714196,0.9867404630257428,10574.988551458517,-0.2750566893424037,92.03188852459134,144558.3302925,144558.3302925,0.2864560181037714,0.17965573,0.4978915167267554,6.8572037308994265,76.31359154929581,-676.4453217261051,42,0.405,0.262,0.19,79,0.131,5,0,1.03,1199.95,-1.16,0.8591333333333335,0.8776358974358982,0.3629025641025641,0.1046666666666668,0.1567076923076923,0.2740717948717949,0.0720974358974359,0.3699692307692308,0.5840717948717953,7.10098,-2.15451,8.74969,-1.10385
K130A,K,130,A,5.691976339495928,0.9871761726110606,10444.029132151463,-0.2856386999244142,92.08110267414962,147089.7868556,147089.7868556,0.2917361847627623,0.1862731,0.157819471378731,3.9359205249978713,65.66333333333334,-1118.7028259052631,21,0.143,0.286,0.333,23,0.204,9,2,2.5,941.79,-1.84,0.8598666666666669,0.8740512820512825,0.3656923076923075,0.1153743589743589,0.1541384615384616,0.2710410256410257,0.0737128205128205,0.3663025641025642,0.5838256410256413,9.19069,-0.0648,9.61015,-0.24339
I86S,I,86,S,5.648825198995232,0.9858526838445522,10494.292170165623,-0.2560090702947847,92.29791295746752,147243.0352908,147243.0352908,0.2878956646605577,0.18140534,0.3962132479198415,4.740672640926064,75.18861842105265,-2463.8240604392995,48,0.313,0.313,0.208,66,0.255,12,5,-3.04,1301.13,-1.31,0.8416000000000001,0.8674000000000008,0.3700666666666668,0.122902564102564,0.1498,0.2651692307692308,0.0757692307692308,0.3641897435897434,0.5803589743589748,7.43359,-1.8219,8.47838,-1.37517
I70L,I,70,L,6.227378880390542,0.9865721394247544,10506.209607507582,-0.2671201814058958,92.14758960868149,141747.4192068,141747.4192068,0.2885628842266226,0.18133727,0.3451130734053531,5.866840181214845,76.69104166666668,-2372.058863346069,36,0.444,0.194,0.111,56,0.119,13,6,0.6,1268.33,-0.93,0.8632153846153847,0.8721743589743596,0.3669589743589744,0.1200564102564102,0.1514461538461538,0.2712871794871794,0.0739333333333333,0.3640410256410256,0.5818307692307695,9.20845,-0.04704,9.70254,-0.15101
Y163C,Y,163,C,6.104008958539231,0.9863816379392158,10464.94193049418,-0.2602418745275889,92.31224348399964,141634.389059,141634.389059,0.3167911333492361,0.21553724,0.2794076308277125,3.9670145414021336,59.91182481751824,-111.40631723156484,28,0.286,0.179,0.286,29,0.201,16,14,3.24,1161.13,-0.83,0.7369641025641026,0.8731435897435896,0.3689435897435897,0.1187589743589743,0.1532205128205128,0.2670820512820513,0.0744666666666666,0.3651487179487179,0.5821692307692308,6.12195,-3.13354,8.45928,-1.39426
V69E,V,69,E,6.115131111817607,0.9863872831335114,10494.590105873229,-0.2433106575963719,92.25925328947332,148591.2985576,148591.2985576,0.2888358381775991,0.18229853,0.4151339433660732,4.710727266384639,70.81642857142856,-1988.0719497674631,50,0.38,0.28,0.14,67,0.193,11,4,-4.57,1212.81,-1.36,0.8621794871794873,0.8690820512820521,0.3689179487179487,0.1194923076923076,0.1465179487179487,0.2708717948717947,0.0750666666666667,0.3603025641025641,0.5795487179487181,6.25647,-2.99902,8.44414,-1.40941
G144P,G,144,P,6.476622530193707,0.9859023969296574,10494.44373306415,-0.2671201814058958,91.44545603674575,145330.3446136,145330.3446136,0.2905626755423278,0.18451613,0.5116660976702995,6.583949155212427,80.38048275862073,-380.8256610458871,51,0.431,0.275,0.157,78,0.045,15,0,-0.11,1257.98,-0.49,0.8541538461538462,0.8714461538461542,0.368651282051282,0.1175589743589743,0.1507589743589744,0.2689948717948717,0.0747435897435898,0.3640410256410258,0.5818358974358977,6.58672,-2.66877,8.97328,-0.88026
P94N,P,94,N,6.222778531340929,0.9867994894279952,10515.290609254838,-0.2660619803476947,92.2850246629408,125673.9919815,125673.9919815,0.2918683783434375,0.18590096,0.4806122503388393,6.633621245729837,79.2558823529412,-396.27680295213327,42,0.357,0.333,0.19,77,0.068,8,1,-0.24,1177.43,-0.87,0.7667641025641025,0.8753487179487187,0.3646717948717948,0.1095128205128205,0.1555384615384615,0.2737384615384616,0.0724461538461538,0.3666153846153845,0.583538461538462,8.69266,-0.56283,8.68363,-1.16991
N90D,N,90,D,6.016296688739799,0.9866639287368802,10531.231885857434,-0.252305366591081,92.29615333991504,143041.3693924,143041.3693924,0.2859003590798801,0.17890397,0.4210126577580166,6.3205833099907895,78.23594594594597,-2074.125797385581,45,0.422,0.244,0.156,70,0.14,17,2,1.07,1311.45,-0.8,0.8877897435897436,0.8732153846153854,0.3671128205128207,0.1184153846153846,0.1531589743589744,0.2673230769230769,0.0745435897435897,0.3670461538461537,0.5809948717948722,6.75633,-2.49916,8.45383,-1.39972
G114R,G,114,R,7.29431590925365,0.9867072519994076,10683.90753019316,-0.2512471655328799,92.11650752125529,141983.0906116,141983.0906116,0.3151333530800386,0.21214452,0.3106709528301477,6.1062485002958145,72.86583333333338,-244.7134908796268,42,0.381,0.31,0.119,59,0.268,12,2,-2.82,1361.54,-1.44,0.8749641025641024,0.8739435897435904,0.365276923076923,0.1146512820512821,0.1532871794871795,0.2765384615384615,0.0730051282051282,0.363030769230769,0.5813794871794877,8.72666,-0.52883,9.46416,-0.38939
N56H,N,56,H,6.545811575703861,0.9853778890364384,10439.652538285409,-0.2708238851095995,91.52378120893584,141247.6110649,141247.6110649,0.2935475032637268,0.18788111,0.486383479465788,6.660847565979017,81.78128571428572,-299.57410946966365,47,0.404,0.277,0.128,87,0.036,11,0,2.34,1089.85,-0.44,0.8727487179487181,0.8718871794871801,0.3671076923076923,0.1182923076923076,0.1536410256410256,0.2664461538461537,0.0747333333333333,0.3679948717948719,0.5818358974358979,9.06863,-0.18686,9.56513,-0.28842
S106S,S,106,S,6.221026729976589,0.9865999556327114,10506.875635674867,-0.2671201814058958,92.18906609667955,141488.8521806,141488.8521806,0.28420741002557,0.17677464,0.3626499248906217,5.947510376473926,75.51380645161291,-2188.712745575237,45,0.422,0.222,0.156,61,0.223,20,2,0.86,1375.87,-0.87,0.8685743589743591,0.8732051282051289,0.3668307692307693,0.1157435897435897,0.1533897435897436,0.2681897435897435,0.0741384615384615,0.3673025641025642,0.5826102564102568,9.25549,0.0,9.85355,0.0
G144F,G,144,F,6.722113585510044,0.9868523770755668,10561.420616414543,-0.280347694633409,91.77537655533658,144743.9630948,144743.9630948,0.2883485726265962,0.18145633,0.4045921863519373,5.315485079308687,77.52623376623376,-1833.5275903973832,43,0.349,0.302,0.163,60,0.269,20,1,-1.23,1299.79,-0.83,0.8407948717948721,0.8784461538461543,0.362651282051282,0.107625641025641,0.1578512820512821,0.277851282051282,0.0712923076923077,0.3667897435897437,0.5851846153846157,7.37324,-1.88225,8.83814,-1.01541
F15M,F,15,M,5.691284801007341,0.9862675232108798,10502.197512406396,-0.2607709750566894,92.07417379855204,126370.4528428,126370.4528428,0.2863024556734654,0.17903627,0.3486403339305542,4.822451370442937,74.31999999999996,-1978.1631349032104,32,0.406,0.188,0.156,41,0.155,9,6,1.78,1229.43,-1.35,0.8671846153846156,0.8707897435897441,0.3672717948717949,0.112323076923077,0.1542666666666666,0.2711589743589743,0.0746820512820513,0.3635230769230768,0.5806717948717952,8.60643,-0.64906,8.79014,-1.0634
C29G,C,29,G,5.956163296069773,0.9861872166986086,10499.70431238447,-0.2618291761148905,90.90197104310629,142455.7011231,142455.7011231,0.2934780439675462,0.18813296,0.5494237528868018,6.917604126002042,78.598231292517,-862.3887590236328,55,0.382,0.309,0.145,95,0.045,23,2,1.32,1213.91,0.3,0.8841435897435899,0.8683333333333338,0.3682307692307692,0.1166205128205128,0.1584051282051281,0.2622102564102563,0.0760820512820513,0.3686358974358974,0.5803076923076926,8.34734,-0.90815,8.77658,-1.07697
L181S,L,181,S,6.134000362581912,0.9867268119967152,10555.525865757723,-0.2560090702947847,92.27049785690733,142497.3244337,142497.3244337,0.2905442163180884,0.18434286,0.3643891293962349,6.384234695894281,76.82802919708026,-1642.7231825242034,39,0.462,0.205,0.154,65,0.122,19,1,3.08,1212.13,-0.38,0.997358974358974,0.8687333333333339,0.3696974358974359,0.1227435897435896,0.1485641025641025,0.2629641025641026,0.0758205128205128,0.367,0.5811692307692308,6.63128,-2.62421,7.85726,-1.99628
F183D,F,183,D,6.135562114511084,0.9868133368744768,10474.791244245438,-0.2380196523053666,91.19007253544228,143363.1912083,143363.1912083,0.2874092459567324,0.18011053,0.5436177927281037,7.597386614446985,76.53204678362574,-2484.94748072025,77,0.403,0.286,0.13,128,0.038,18,1,-9.17,1579.95,-0.03,0.5691435897435899,0.8690512820512819,0.3705282051282053,0.1494358974358974,0.1492820512820513,0.2648307692307692,0.0759743589743589,0.3636102564102564,0.5790051282051284,7.24899,-2.0065,8.50975,-1.34379
N128H,N,128,H,6.380648972500564,0.9867180788155792,10593.318000339728,-0.2708238851095993,92.14451051248368,146840.8211432,146840.8211432,0.2926405912615964,0.18614061,0.4329250299485665,6.407449191275978,80.46079999999996,-1836.993848565627,51,0.451,0.216,0.157,86,0.09,15,0,1.66,1257.5,-0.49,0.8390153846153849,0.87188717948718,0.3671487179487178,0.1171897435897435,0.1506512820512821,0.2664461538461538,0.0747487179487179,0.3679794871794872,0.5818256410256413,9.25466,-0.00083,9.89151,0.03797
A190F,A,190,F,6.248069981619328,0.9865684183653894,10602.854644353789,-0.2761904761904763,91.72142248443188,142358.0923646,142358.0923646,0.2850269127927313,0.17731217,0.568321307283708,9.28397894170896,72.82161290322577,-2422.518290955044,65,0.462,0.277,0.154,125,0.016,20,1,4.93,1505.91,0.39,0.953415384615384,0.8757282051282053,0.3662820512820514,0.1031897435897436,0.1570615384615385,0.265328205128205,0.0734666666666666,0.3716666666666667,0.5842820512820517,9.20627,-0.04922,9.73903,-0.11451
L186A,L,186,A,6.147851964493536,0.9862553555424328,10566.259878744162,-0.2602418745275889,92.39730870712413,139689.3620928,139689.3620928,0.2906882137341,0.18445787,0.429868059090218,6.401205192582082,76.52489795918369,-1970.0912716568837,53,0.415,0.264,0.17,77,0.158,21,0,0.17,1410.39,-0.55,0.6791641025641025,0.8711846153846153,0.3674615384615385,0.1196666666666667,0.1515589743589744,0.2684153846153845,0.0747384615384615,0.3654717948717949,0.5821282051282054,9.29597,0.04048,10.05184,0.1983
E139A,E,139,A,6.054444373211516,0.9861733260741098,10583.69546899275,-0.2856386999244142,92.1229446640318,145210.9745239,145210.9745239,0.2890380057402013,0.18287358,0.4169180045732933,6.195279570964635,77.87751724137934,-2173.376893306333,45,0.444,0.222,0.156,73,0.113,20,1,1.62,1291.33,-0.36,0.860271794871795,0.8746666666666667,0.3655435897435899,0.1093230769230769,0.1549692307692309,0.2716102564102565,0.0734666666666667,0.366323076923077,0.5847487179487183,9.06748,-0.18801,9.58957,-0.26397
I140M,I,140,M,6.146838794552183,0.9867738189644852,10514.639429898403,-0.2644746787603931,92.13633102994422,141678.0802806,141678.0802806,0.281195075111655,0.17267752,0.3657040377797688,4.374557904704449,71.48441666666666,-2020.8551186766429,30,0.333,0.133,0.267,37,0.177,13,7,-1.91,1069.5,-1.45,0.8405897435897438,0.8705743589743591,0.3673128205128205,0.1195487179487179,0.150271794871795,0.2721384615384614,0.0742410256410256,0.3626000000000002,0.5811948717948722,9.21473,-0.04076,9.88349,0.02994
S106F,S,106,F,6.856483373819615,0.9865278684712052,10488.316145479395,-0.2819349962207105,92.25900327868806,141788.8581376,141788.8581376,0.2893113117226973,0.1827471,0.4461093120337978,6.634047871787254,78.59601398601399,-2094.2178808449844,46,0.413,0.261,0.152,79,0.129,17,0,1.8,1325.84,-0.51,1.010066666666667,0.8790974358974368,0.3634153846153845,0.1109897435897435,0.1605692307692308,0.2717794871794872,0.0720205128205128,0.3701897435897434,0.5856871794871797,7.14221,-2.11328,8.45242,-1.40113
S127Q,S,127,Q,6.541287089747186,0.9868102168139782,10644.409654941272,-0.2676492819349962,92.07160157531948,143585.5997299,143585.5997299,0.2888545478869931,0.18208714,0.5082876405650693,6.094858601713727,75.59884353741496,-310.2200431367664,53,0.377,0.245,0.189,82,0.051,13,0,0.21,1204.72,-0.75,0.9000666666666668,0.8742461538461538,0.3653538461538461,0.1150307692307692,0.1543641025641025,0.2718102564102563,0.0735794871794872,0.3659435897435898,0.5821794871794875,9.25036,-0.00513,9.84925,-0.0043
N90F,N,90,F,6.762739433041657,0.9855122846546972,10595.11227449234,-0.2814058956916099,91.671647522153,140541.8548978,140541.8548978,0.2913044838679005,0.1852096,0.4180573881162551,6.64997404854245,77.39262068965519,-2092.780039853737,55,0.4,0.273,0.164,93,0.062,11,2,-2.61,1339.23,-0.77,1.3483025641025632,0.8780564102564109,0.3629692307692307,0.1112102564102563,0.1614615384615385,0.2715333333333333,0.0723948717948718,0.3707230769230768,0.5850153846153848,7.04867,-2.20682,8.32137,-1.53218
V151D,V,151,D,6.1252827682424265,0.987049859923992,10558.8768518199,-0.243310657596372,92.15203819558836,142790.4331099,142790.4331099,0.3004679295522196,0.1964449,0.5044022349287722,6.663577320234055,79.84228187919466,-314.56884885065574,56,0.393,0.286,0.125,74,0.089,17,0,-1.72,1323.28,-0.79,0.9052769230769228,0.8691846153846162,0.3707282051282052,0.1265179487179487,0.1504,0.2677794871794874,0.0754461538461539,0.3604461538461539,0.5797179487179489,9.11927,-0.13622,9.82621,-0.02734
D96D,D,96,D,6.219888253664348,0.986826118265854,10600.57928137013,-0.2671201814058958,92.23329825715297,141992.4781572,141992.4781572,0.287790199651231,0.18090272,0.4428730269945546,6.319200675605106,78.64006993006997,-1860.086471706133,50,0.44,0.24,0.16,80,0.111,18,0,2.04,1351.37,-0.5,0.8685743589743591,0.8732051282051289,0.3668307692307693,0.1157435897435897,0.1533897435897436,0.2681897435897435,0.0741384615384615,0.3673025641025642,0.5826102564102568,9.25549,0.0,9.85355,0.0
F43R,F,43,R,6.690276004048352,0.9868743538303688,10582.404441345094,-0.2380196523053666,92.13545812807884,143165.2879155,143165.2879155,0.2854238748588572,0.17860131,0.3989132483984708,5.968086608155759,76.67164285714283,-2115.0761045383906,30,0.433,0.167,0.167,55,0.094,10,10,1.82,1135.71,-0.48,0.865892307692308,0.8686717948717956,0.3694564102564102,0.121451282051282,0.1647282051282051,0.2668512820512819,0.0758102564102564,0.3635384615384615,0.5788564102564107,9.29422,0.03873,9.92078,0.06723
C4A,C,4,A,6.345981203556265,0.9859422801243845,10501.827327468389,-0.2656084656084657,92.03993096646994,141937.7118739,141937.7118739,0.2839463966066053,0.17587048,0.3473446422341301,4.723860117997832,72.7863829787234,-1854.3882393875165,35,0.314,0.229,0.2,46,0.262,11,5,0.83,1242.0,-1.69,0.8684153846153847,0.8707384615384621,0.3660564102564103,0.1111846153846154,0.1507435897435897,0.2717179487179486,0.0745025641025641,0.3641794871794871,0.5812564102564106,8.3628,-0.89269,8.64002,-1.21352
C100D,C,100,D,6.484818662332065,0.9864653775872226,10515.68042794941,-0.2459561602418746,91.8963304862024,140652.7314256,140652.7314256,0.2869066137905315,0.18038929,0.5015927057455316,7.38712208387286,77.18830065359475,-2263.591112185412,52,0.423,0.25,0.154,98,0.068,18,0,-0.55,1481.84,-0.43,0.6654307692307693,0.8687794871794875,0.3682051282051282,0.1243948717948718,0.1472205128205129,0.2676717948717949,0.0754102564102564,0.3644461538461536,0.5788153846153847,6.7275,-2.52799,7.97189,-1.88166
D110N,D,110,N,6.355268987971999,0.986757829794452,10504.003128745828,-0.2819349962207105,92.1660203746304,141953.2347055,141953.2347055,0.2893896391125934,0.18377966,0.280754930805711,4.115757964717018,57.64901515151515,-303.5319570465768,26,0.154,0.192,0.308,28,0.206,9,5,0.22,1067.24,-1.81,0.9805538461538464,0.8731230769230779,0.3665538461538463,0.1145794871794872,0.1536153846153846,0.2690820512820512,0.0737435897435897,0.367553846153846,0.5842307692307696,7.15819,-2.0973,8.34528,-1.50826
Y169C,Y,169,C,6.118242847433251,0.9869425165797676,10515.834668824422,-0.2602418745275888,92.1358528538429,144137.3370953,144137.3370953,0.2857594701954673,0.17766985,0.3967287041623469,6.087999738479147,78.84089285714283,-2123.76345374146,40,0.425,0.275,0.075,69,0.187,10,0,-3.89,954.0,-1.39,0.7361435897435901,0.8731333333333334,0.3689487179487181,0.119728205128205,0.1531641025641026,0.267076923076923,0.0744461538461538,0.3651589743589744,0.5821948717948723,6.29743,-2.95806,9.74056,-0.11299
Y176K,Y,176,K,6.240240400693897,0.9793791064920804,10593.338360643967,-0.2390778533635677,92.29765614727096,145723.2091314,145723.2091314,0.2917988884438505,0.18550363,0.418138247314159,7.04289256531241,77.41951048951046,-2096.1758107042633,47,0.447,0.255,0.17,79,0.081,20,0,2.21,1308.97,-0.28,0.6520307692307692,0.8694974358974356,0.368323076923077,0.1233897435897436,0.1483076923076923,0.2698615384615385,0.0750615384615384,0.3625128205128206,0.5793333333333335,7.71438,-1.54111,8.44378,-1.40976
K112D,K,112,D,5.463506303444971,0.9864589808709082,10508.981045396222,-0.2671201814058958,92.1196370834705,141708.288715,141708.288715,0.2951692633424837,0.18917108,0.3685419464943713,6.640366345807447,76.72722222222222,-1846.5228510685672,45,0.467,0.222,0.156,79,0.101,15,0,1.39,1202.17,-0.61,0.8774153846153846,0.8726769230769239,0.3687589743589743,0.1184410256410256,0.1531076923076924,0.2645999999999999,0.0747641025641026,0.3674564102564102,0.5818923076923082,8.87968,-0.37581,9.78985,-0.06369
L109M,L,109,M,6.0598797121309,0.9872364243601796,10479.440481397862,-0.2644746787603931,92.07276077657065,143094.9109657,143094.9109657,0.2886843800788261,0.18228239,0.4007212659327651,6.118394611729789,77.47517241379312,-2142.95939581388,49,0.408,0.245,0.163,73,0.17,15,0,-0.42,1363.89,-1.13,0.7208410256410259,0.8715897435897444,0.3671589743589744,0.1160769230769231,0.1522051282051282,0.2690102564102563,0.0744820512820512,0.3658410256410255,0.581964102564103,9.25725,0.00176,9.79659,-0.05695
V18L,V,18,L,6.662090095407488,0.9870476573377156,10534.513968321144,-0.2687074829931974,92.26759526938272,141840.0202923,141840.0202923,0.295386614958664,0.18988776,0.4231219236209019,6.666980308499086,75.8559722222222,-2014.674939765309,49,0.449,0.245,0.143,86,0.097,12,1,-2.04,1260.05,-0.9,0.865348717948718,0.8730564102564109,0.3666153846153847,0.1127743589743589,0.1572769230769231,0.2741333333333333,0.0735897435897436,0.3617025641025641,0.5822307692307696,7.33142,-1.92407,8.45146,-1.40209
G164N,G,164,N,6.39387338741662,0.986953263499964,10541.171989328632,-0.2660619803476947,92.23470144357032,143146.1887159,143146.1887159,0.2888566668097057,0.18194251,0.4083947462921198,6.764218388949537,78.5735862068966,-2068.844782331661,46,0.478,0.239,0.152,74,0.08,18,0,-0.68,1263.4,-0.63,0.7332358974358977,0.8735948717948718,0.3665282051282053,0.1140358974358974,0.1521076923076924,0.2745128205128206,0.073025641025641,0.363374358974359,0.5827589743589747,8.31109,-0.9444,9.90063,0.04708
V50K,V,50,K,6.899635740810469,0.9869244075696834,10607.817395189715,-0.2433106575963719,91.99080078766032,142241.1075281,142241.1075281,0.2940326120397045,0.18864578,0.3259713525887719,4.068924935842982,60.88812949640288,-173.57530390279675,33,0.121,0.273,0.242,40,0.175,11,3,-0.78,1070.24,-1.53,0.8630153846153849,0.8697230769230775,0.3687846153846154,0.1171076923076923,0.1543641025641026,0.2713999999999998,0.074851282051282,0.3602974358974358,0.5804615384615388,7.99628,-1.25921,8.41451,-1.43904
E74L,E,74,L,6.6210711529463415,0.9869460237338246,10468.123841828745,-0.2925170068027211,92.2262922824307,142069.3563004,142069.3563004,0.2827779534654088,0.17492312,0.6299457221582755,12.382600996163813,60.90786127167629,-2223.162765122009,73,0.411,0.342,0.082,148,0.058,29,3,-3.91,1550.4,0.75,0.8870871794871796,0.8770205128205139,0.3647128205128205,0.111148717948718,0.1576923076923077,0.2719025641025641,0.072676923076923,0.3681128205128205,0.5852256410256413,7.90551,-1.34998,8.35706,-1.49649
N145K,N,145,K,6.532972235291331,0.9865207019521964,10566.59146911318,-0.252305366591081,92.08996720236144,138697.0869761,138697.0869761,0.2883918969871736,0.1819856,0.4859057519120223,6.662935735839922,78.98847222222224,-298.77562243829357,41,0.39,0.268,0.171,80,0.048,8,3,0.82,1170.09,-0.71,0.8684153846153849,0.8737589743589749,0.3652358974358974,0.1169641025641025,0.1534205128205129,0.2709487179487179,0.0739128205128205,0.3669076923076926,0.5817794871794876,8.35456,-0.90092,9.84909,-0.00445
Y33V,Y,33,V,5.622817671927959,0.9855991365895108,10534.64276124278,-0.2628873771730916,90.73556653491556,141550.719488,141550.719488,0.2871974113741173,0.18026093,0.3843741634401597,5.903941825463784,70.40974025974027,-2192.292999988064,50,0.4,0.22,0.18,75,0.109,16,3,-2.28,1427.87,-1.01,0.8781897435897436,0.8727128205128213,0.3664410256410256,0.1165692307692307,0.1530717948717949,0.2669435897435896,0.0743948717948718,0.3691487179487179,0.5813230769230773,9.11262,-0.14287,9.67641,-0.17713
Y117Q,Y,117,Q,5.945303825842024,0.9864576950271956,10531.885780387349,-0.2538926681783826,92.04786960816624,143462.3094936,143462.3094936,0.2871109687931651,0.17953512,0.2794126390757506,4.554849351909425,77.23519999999999,-2116.2553938377973,30,0.4,0.133,0.233,29,0.218,11,9,2.81,1031.89,-1.26,0.9122769230769232,0.8686769230769238,0.3680974358974359,0.1214564102564102,0.1484615384615385,0.2708205128205128,0.075148717948718,0.3616923076923075,0.5789282051282054,8.92253,-0.33296,9.9382,0.08466
Y89R,Y,89,R,6.490917766959192,0.9862948178552254,10528.252095157572,-0.2390778533635677,92.2663501971092,142068.2822217,142068.2822217,0.2859184178886258,0.17857835,0.6010491975291581,13.223125542249516,61.85083333333335,-1971.4262349688877,74,0.446,0.284,0.122,128,0.099,23,4,-1.77,1570.33,0.41,0.923169230769231,0.869005128205129,0.3687589743589744,0.1252307692307692,0.1483948717948718,0.2694307692307692,0.0752820512820512,0.3622102564102561,0.5786358974358979,8.77475,-0.48074,8.71523,-1.13832
L36D,L,36,D,5.428171998852629,0.9869543085318044,10626.561375085068,-0.2417233560090703,91.6405240606464,125858.6008857,125858.6008857,0.2891533745187422,0.18268743,0.3974084203597376,5.789795817794471,76.24326388888889,-2033.9635116195025,43,0.395,0.233,0.14,56,0.22,15,0,-1.02,1348.58,-1.43,0.8750974358974359,0.8695128205128211,0.370723076923077,0.1142307692307692,0.1598153846153845,0.2614256410256408,0.0759692307692308,0.3666564102564103,0.5801846153846157,7.22293,-2.03256,8.5493,-1.30424
N128M,N,128,M,6.375125293111732,0.9870816550606072,10609.187727465116,-0.2750566893424036,92.16075558475788,147157.1379965,147157.1379965,0.2941705374136582,0.18867055,0.3903271598466487,6.760476138201956,77.063893129771,-357.60875663846775,42,0.381,0.286,0.119,67,0.145,14,0,1.19,1153.69,-0.9,0.9014102564102564,0.8753384615384618,0.3635948717948717,0.1139435897435897,0.1548666666666668,0.2748923076923076,0.0730102564102564,0.3662564102564104,0.5828000000000001,9.10832,-0.14717,9.49511,-0.35843
A44V,A,44,V,6.882339232958492,0.9869650243329948,10477.885924154483,-0.272411186696901,92.09593042336752,141714.539521,141714.539521,0.2925937783244526,0.18660575,0.4654032411475317,7.328477365217081,77.4906711409396,-2189.8325959516756,56,0.411,0.268,0.161,99,0.064,12,0,0.69,1328.57,-0.46,1.1327076923076926,0.8758410256410263,0.3660256410256411,0.1053641025641024,0.1307384615384615,0.2621076923076922,0.0738615384615384,0.3752923076923077,0.5836000000000005,9.32966,0.07417,10.05807,0.20453
A143E,A,143,E,6.4139275264447,0.9866464638786864,10519.840011015562,-0.2486016628873772,91.95238673670526,141345.7336735,141345.7336735,0.2974476814326814,0.19327193,0.3733070982758756,4.142440392975546,62.76942446043164,-754.4134013317175,46,0.261,0.304,0.239,68,0.109,9,7,-1.34,1198.75,-0.87,0.8827948717948718,0.8717333333333336,0.3681641025641027,0.1169641025641025,0.1517282051282052,0.2647948717948717,0.0748,0.3682769230769234,0.5804974358974362,7.12171,-2.13378,9.7788,-0.07475
P159H,P,159,H,6.290223534654052,0.9869846714487446,10561.952489208204,-0.2697656840513985,91.94432325886902,141934.6244928,141934.6244928,0.2816093168070477,0.17355195,0.4749687002364377,7.742140160192784,74.33923611111109,-2864.5910229439332,45,0.489,0.222,0.133,97,0.085,14,2,-3.37,1347.83,-0.57,1.0345846153846154,0.8740358974358974,0.3650051282051281,0.1137333333333334,0.1547589743589744,0.271974358974359,0.0730153846153846,0.3673384615384615,0.5827230769230769,7.55042,-1.70507,8.44432,-1.40922
R23C,R,23,C,5.126166064710052,0.986077876617574,10581.684298165032,-0.2882842025699169,92.41434940554782,141205.8552731,141205.8552731,0.2850657881950294,0.17818904,0.175916439547708,4.338405561298132,68.61713178294576,-679.1029208670957,23,0.174,0.304,0.304,24,0.223,10,8,4.59,1061.19,-1.59,0.8690923076923077,0.8771589743589752,0.3670205128205129,0.1139794871794872,0.1502564102564103,0.2658717948717948,0.0733589743589743,0.3701487179487179,0.5861025641025644,6.4052,-2.85029,8.43871,-1.41484
L181Q,L,181,Q,6.193514145832177,0.9864783625872872,10578.868036064338,-0.2565381708238852,92.75733464955547,140562.9134697,140562.9134697,0.291160051545253,0.18501255,0.4066413377214837,6.313207534055089,75.41306122448984,-2083.9184889291,49,0.449,0.245,0.163,73,0.103,19,1,0.53,1266.68,-0.42,0.998497435897436,0.8698564102564104,0.3683641025641025,0.1200153846153846,0.1486923076923077,0.2660615384615384,0.0752923076923076,0.3658666666666667,0.5806974358974362,6.79216,-2.46333,7.89676,-1.95679
K92S,K,92,S,5.334453389324162,0.986880274944929,10612.014890291372,-0.2814058956916099,92.19415841584062,145945.5867228,145945.5867228,0.3010321777155882,0.19656982,0.378224030033301,6.595332469835699,79.57533834586468,-2163.785643149999,39,0.41,0.256,0.128,55,0.05,15,0,1.36,1111.74,-0.76,0.8185333333333333,0.8716051282051288,0.3680051282051282,0.1152564102564103,0.1521333333333334,0.2652153846153847,0.0747846153846154,0.3682410256410255,0.5828205128205132,8.6155,-0.63999,8.82133,-1.03221
N28L,N,28,L,6.855692777216647,0.986715022943958,10589.27511336961,-0.2777021919879063,92.08802035456348,140958.8980216,140958.8980216,0.293404953628102,0.18752085,0.3464542265840058,6.343937006592751,78.59328358208955,-2038.0984121532365,39,0.436,0.231,0.154,62,0.163,16,0,1.27,1229.66,-0.93,0.8913025641025639,0.8769282051282059,0.3632564102564103,0.111625641025641,0.1579179487179488,0.274076923076923,0.072676923076923,0.3676974358974359,0.5834717948717952,8.36247,-0.89302,8.4705,-1.38304
Q142C,Q,142,C,6.055372867339432,0.9873048578310356,10561.693157183696,-0.2734693877551021,91.83615485996636,145219.0289168,145219.0289168,0.290923724993944,0.18411432,0.4863516647515935,8.284380476329929,70.68718309859152,-2148.4602766206017,54,0.463,0.222,0.148,105,0.056,14,0,-0.47,1395.22,-0.31,0.8355794871794873,0.8776564102564105,0.3677076923076924,0.1045025641025641,0.1587128205128206,0.2644769230769231,0.0734410256410256,0.3707333333333335,0.5858974358974361,7.88949,-1.366,8.85378,-0.99977
L120N,L,120,N,5.913180877004639,0.9865561809556296,10509.62676731504,-0.2565381708238852,92.1152042160732,143400.9264831,143400.9264831,0.2936722591501393,0.18790787,0.4822509151445529,6.217072051005675,80.85727272727273,-347.75924032367874,49,0.388,0.286,0.163,83,0.029,19,0,0.84,1228.44,-0.19,0.7880000000000001,0.8694666666666676,0.3703999999999998,0.1205435897435897,0.1473589743589743,0.2622974358974359,0.0755846153846154,0.3668923076923077,0.5817948717948721,8.89665,-0.35884,9.95707,0.10353
F43E,F,43,E,5.650280780558895,0.986660202556732,10510.7531466873,-0.2380196523053666,92.2609288537552,139869.3596836,139869.3596836,0.2871513167569625,0.17976156,0.5592741516503914,10.279730362574911,71.33188811188809,-2240.5346190744576,66,0.455,0.258,0.136,134,0.072,17,5,-0.28,1471.38,0.38,0.8672512820512822,0.8682564102564109,0.3692205128205128,0.1238102564102564,0.1633333333333332,0.2670615384615383,0.0758974358974359,0.3634410256410256,0.5784205128205132,9.36254,0.10705,10.0782,0.22465
