seq_id,wildtype,site,mutation,rmsd,tm_score,sasa,avg_hydro,plddt,local_net_energy,global_net_energy,agmata,backbone,coil,disoMine,earlyFolding,helix,ppII,sheet,sidechain,bind,delta_bind,expr,delta_expr
N11R,N,11,R,18.20415865523536,0.3094301878575399,17695.14347619921,-0.2157974300831443,0.2278954081632649,128553.2846746,128553.2846746,0.6356153846153847,0.8726512820512822,0.3653282051282051,0.1152666666666667,0.1644205128205128,0.2777948717948716,0.0735692307692307,0.3621897435897435,0.5766153846153849,8.79806,-0.42418,8.60748,-1.12479
T138P,T,138,P,15.711427528327183,0.4632025220614693,17153.76910047585,-0.228495842781557,0.232984025559106,127946.4796379,127946.4796379,0.6169538461538464,0.8686564102564104,0.3700051282051282,0.1187897435897435,0.1594564102564102,0.2731897435897433,0.0753641025641025,0.358451282051282,0.5764358974358976,8.63196,-0.59029,8.77817,-0.95411
P131Q,P,131,Q,18.090620450759047,0.3807617830614614,17207.1628237556,-0.229554043839758,0.2333375877472877,149829.9996246,149829.9996246,0.6181589743589745,0.8743743589743588,0.362348717948718,0.1080358974358973,0.1656205128205128,0.2851897435897434,0.0717948717948717,0.360728205128205,0.5775487179487182,7.98971,-1.23253,8.6818,-1.05047
A40Y,A,40,Y,17.759822937160354,0.4190989743318161,17382.571542867292,-0.2401360544217687,0.2292048346055979,123979.4362244,123979.4362244,0.6488564102564104,0.8753128205128207,0.3660358974358975,0.1034,0.136,0.2714410256410254,0.0731230769230769,0.3683948717948717,0.5800461538461539,9.1171,-0.10514,9.35116,-0.38111
V63P,V,63,P,18.3867772279896,0.3203894737821919,17509.98427969643,-0.2226757369614511,0.2274760383386583,142266.8350493,142266.8350493,0.6326615384615387,0.8660307692307693,0.3721487179487179,0.1242,0.1659384615384616,0.2712358974358973,0.0762717948717948,0.3563230769230768,0.5755384615384617,7.29271,-1.92954,8.26981,-1.46246
V178W,V,178,W,17.99029265875459,0.2754065280410864,16341.5596060208,-0.2406651549508692,0.2414122137404577,141285.8743191,141285.8743191,0.5542000000000001,0.8742564102564101,0.3670871794871794,0.1112153846153846,0.1660051282051281,0.2762358974358972,0.0729435897435897,0.3608564102564101,0.5804102564102563,6.60992,-2.61232,8.38731,-1.34497
Y163I,Y,163,I,17.983588733916218,0.420506274047803,17436.694775686843,-0.2279667422524565,0.2307367072389491,142030.2290454,142030.2290454,0.5959538461538464,0.8724410256410255,0.3659076923076925,0.1116,0.163425641025641,0.2782871794871793,0.0735948717948718,0.3611333333333333,0.5767641025641029,6.13779,-3.08446,8.67768,-1.0546
Y64H,Y,64,H,15.42352863591771,0.4548723469688241,16957.532490158737,-0.2210884353741496,0.2305118362124119,124915.2356897,124915.2356897,0.6329435897435899,0.8663794871794871,0.369876923076923,0.1195538461538461,0.1593589743589743,0.2737743589743588,0.0754102564102564,0.3581487179487179,0.5743435897435898,8.65804,-0.5642,8.87365,-0.85862
A65S,A,65,S,15.613162227766844,0.347361466221034,17059.201703215975,-0.2263794406651549,0.2287356321839077,139202.4928971,139202.4928971,0.6428564102564105,0.8697897435897435,0.3687435897435898,0.1156923076923077,0.1633538461538461,0.2704205128205126,0.074676923076923,0.3641589743589743,0.5767846153846153,7.92218,-1.30007,8.47915,-1.25312
Y91K,Y,91,K,20.10990046716708,0.3129437159786379,17943.80767858259,-0.2025699168556311,0.2322599231754161,159538.8697317,159538.8697317,0.6706102564102566,0.8682564102564104,0.3679641025641026,0.1230205128205128,0.158753846153846,0.2782102564102563,0.0746205128205128,0.3570769230769229,0.5742769230769231,6.79015,-2.4321,8.45322,-1.27906
R166F,R,166,F,17.340033691674563,0.3347249579695607,18271.69823862281,-0.2597127739984883,0.224741214057509,146916.5580089,146916.5580089,0.7008512820512822,0.8767282051282055,0.3638000000000002,0.1113897435897436,0.169174358974359,0.2776051282051281,0.0719641025641025,0.3659846153846153,0.5815692307692307,6.72571,-2.49653,9.2591,-0.47317
F10G,F,10,G,13.600899485595116,0.4705828055496583,17453.297707351157,-0.2173847316704459,0.2367586649550709,138961.2641271,138961.2641271,0.641969230769231,0.8673435897435897,0.370225641025641,0.0988769230769231,0.1567076923076923,0.2675948717948716,0.0762153846153846,0.3627692307692307,0.5754769230769232,7.86872,-1.35353,8.43708,-1.29519
N62V,N,62,V,19.7353093209337,0.2997301251409094,17380.046523507328,-0.2396069538926682,0.2248976982097188,156767.5686132,156767.5686132,0.963102564102564,0.8762717948717949,0.3628410256410256,0.0934051282051282,0.1341846153846153,0.2757897435897434,0.0727230769230769,0.3688051282051281,0.5790461538461539,9.28895,0.0667,9.70647,-0.0258
P195M,P,195,M,17.551602773969545,0.353531864962212,19220.56280438669,-0.2315948601662887,0.220766283524904,121218.9543629,121218.9543629,0.5933743589743592,0.8747384615384615,0.363030769230769,0.1111846153846153,0.1646102564102564,0.2840564102564103,0.071902564102564,0.3611692307692307,0.5783333333333333,9.44156,0.21932,10.05364,0.32136
N11H,N,11,H,19.96131067889145,0.2791206330424643,18870.32107227604,-0.2343159486016628,0.2255775366943204,135634.9327504,135634.9327504,0.6359230769230771,0.8710461538461539,0.3667435897435897,0.1089538461538462,0.1616358974358974,0.2747589743589742,0.0741435897435897,0.3627025641025641,0.5771794871794873,8.93239,-0.28986,9.02203,-0.71024
V113N,V,113,N,15.78469497562454,0.4187633024998992,17063.34921885904,-0.2216175359032501,0.2342720306513409,128727.0036889,128727.0036889,0.7726512820512825,0.8681692307692308,0.3700153846153846,0.1202923076923077,0.1602307692307692,0.276728205128205,0.0745538461538461,0.3556410256410255,0.5764717948717949,8.81883,-0.40342,9.77582,0.04354
P94H,P,94,H,18.257530266020243,0.2846912962558134,16434.751689700788,-0.2332577475434618,0.2337946428571428,125199.7324673,125199.7324673,0.7155948717948719,0.8730717948717946,0.3645641025641026,0.1066666666666666,0.1636564102564102,0.2800205128205126,0.0725282051282051,0.3622615384615382,0.5778871794871795,7.90481,-1.31744,8.27466,-1.45761
K24S,K,24,S,18.680130353097454,0.30860123206657,17639.500286240876,-0.2448979591836735,0.2319014084507055,135509.5422335,135509.5422335,0.6418102564102566,0.8705897435897436,0.3676717948717948,0.1119025641025641,0.1613538461538462,0.2733230769230767,0.0742615384615384,0.3630564102564101,0.5779435897435898,8.70503,-0.51722,9.00635,-0.72592
L36W,L,36,W,15.261357433162068,0.38159872684361,18372.174076723688,-0.2390778533635676,0.2257352005092304,131678.3467215,131678.3467215,0.6398256410256411,0.8745128205128209,0.3672923076923077,0.1058820512820512,0.1502051282051282,0.2696923076923075,0.0735897435897435,0.3665846153846152,0.5810307692307694,8.78938,-0.43286,8.73887,-0.9934
Y163R,Y,163,R,9.766181775117378,0.5110106683906657,17397.537777397414,-0.2025699168556311,0.2332352941176471,148830.3674124,148830.3674124,0.5711333333333335,0.8680153846153842,0.3683846153846154,0.1274205128205128,0.1589128205128205,0.2774923076923076,0.0747794871794872,0.357153846153846,0.5738051282051284,6.36475,-2.8575,8.55004,-1.18223
L109K,L,109,K,17.157629755464363,0.4321939956198944,17341.814587057146,-0.2052154195011338,0.2271902937420183,123986.5749145,123986.5749145,0.5449025641025642,0.8690410256410258,0.3683692307692308,0.113851282051282,0.1612820512820512,0.2730923076923074,0.0748820512820512,0.3614307692307692,0.5760820512820513,9.15757,-0.06468,9.32102,-0.41125
C156V,C,156,V,17.949875317402174,0.3898390712858514,17189.523794816665,-0.2332577475434618,0.2265453384418905,127463.3969498,127463.3969498,1.1635538461538462,0.871779487179487,0.3639128205128206,0.1100717948717948,0.1649128205128205,0.2761589743589741,0.0735948717948718,0.3662102564102563,0.5768820512820515,6.23644,-2.98581,8.58867,-1.14361
P41M,P,41,M,14.640406744634628,0.4356557064919843,16701.41790821239,-0.237490551776266,0.2475223499361435,135945.7904965,135945.7904965,0.6363076923076924,0.876466666666667,0.3610512820512821,0.0957025641025641,0.1282,0.2884974358974357,0.070825641025641,0.3604974358974359,0.5788871794871796,8.70145,-0.5208,8.7564,-0.97587
D57C,D,57,C,15.823049079733288,0.4004897840787958,18063.500474527507,-0.2517762660619804,0.2324888035828539,157298.258695,157298.258695,0.6476871794871797,0.8766256410256412,0.3650153846153846,0.0936871794871794,0.1311487179487179,0.2767999999999997,0.0723948717948717,0.3650666666666665,0.581548717948718,8.62388,-0.59836,8.60895,-1.12333
L120I,L,120,I,14.628578842288771,0.447929193991426,16321.774688524943,-0.2306122448979591,0.2313865814696487,135480.1856081,135480.1856081,0.7494205128205128,0.8732512820512821,0.3662871794871794,0.1148307692307693,0.1648820512820512,0.2731846153846152,0.0738666666666666,0.3654974358974358,0.5785743589743589,8.90562,-0.31662,9.28404,-0.44824
Y121F,Y,121,F,15.660471218788976,0.4513345640084173,16405.7660076038,-0.2316704459561602,0.2318734015345269,126751.3437279,126751.3437279,0.6586820512820515,0.8725333333333334,0.3657692307692309,0.1134923076923077,0.1643282051282051,0.2788307692307691,0.0731128205128204,0.3609128205128205,0.5775692307692311,10.43431,1.21206,9.2845,-0.44777
H173D,H,173,D,16.93654926929279,0.4063424000289981,16719.87000374378,-0.2120937263794406,0.2341778630838123,145965.0569294,145965.0569294,0.6525589743589746,0.8735692307692307,0.3664615384615384,0.1139641025641025,0.165251282051282,0.2771076923076922,0.073476923076923,0.3612307692307692,0.5769897435897438,7.01834,-2.20391,9.73967,0.00739
R14L,R,14,L,17.372625750149833,0.3298564349565497,17598.580516120033,-0.2560090702947845,0.2272279129321385,133043.0636051,133043.0636051,0.6359897435897437,0.8752769230769233,0.3640051282051282,0.1147435897435897,0.1706256410256411,0.2805589743589742,0.0723282051282051,0.3624820512820512,0.5798000000000002,9.01231,-0.20994,9.00806,-0.72421
P94A,P,94,A,18.9793610372986,0.3060237916553642,16845.30923928282,-0.2332577475434618,0.2329814459373001,123792.8357121,123792.8357121,0.853246153846154,0.8757692307692307,0.3614871794871795,0.1098461538461538,0.1667487179487179,0.2873641025641025,0.0713076923076923,0.3601435897435897,0.5790153846153847,8.66441,-0.55783,8.6777,-1.05457
N22K,N,22,K,14.379422639192963,0.3480770325386961,17728.824603105204,-0.2157974300831443,0.2338825031928478,156958.707762,156958.707762,0.6336410256410258,0.8727948717948719,0.3648564102564103,0.1114205128205128,0.1656564102564103,0.2787999999999998,0.0734461538461538,0.3618461538461537,0.5769384615384617,9.28867,0.06642,9.90697,0.1747
Y169I,Y,169,I,15.383466647403582,0.4218841420057575,16577.125402445214,-0.2279667422524565,0.2341191543882132,132825.7380329,132825.7380329,0.5551384615384617,0.8724410256410255,0.3659076923076924,0.1131128205128206,0.1630461538461538,0.2782974358974358,0.0736205128205128,0.3611282051282051,0.5767846153846153,6.30503,-2.91721,9.5894,-0.14287
F158I,F,158,I,16.827067702572453,0.2915141316871209,17584.953099042432,-0.2269085411942554,0.2267477592829705,127564.1726634,127564.1726634,0.6923846153846155,0.8720923076923071,0.3665846153846153,0.1132461538461538,0.1639333333333333,0.2757435897435897,0.0741384615384615,0.3624615384615383,0.5770051282051281,8.99022,-0.23203,9.30877,-0.4235
K92F,K,92,F,15.20273887139757,0.440540785073958,17402.989475983974,-0.2597127739984883,0.2304530950861526,132026.5280548,132026.5280548,0.8923846153846154,0.8765179487179489,0.3641794871794873,0.1086871794871795,0.1700051282051282,0.2768358974358972,0.0721333333333333,0.366082051282051,0.5810307692307694,7.14687,-2.07538,8.20032,-1.53195
T1N,T,1,N,18.73986499313858,0.3221792761813541,17523.340027990667,-0.2301587301587301,0.2324840357598992,140301.7208709,140301.7208709,0.6357282051282053,0.8710923076923077,0.3680564102564103,0.1099435897435898,0.1623128205128205,0.2762564102564101,0.0738871794871794,0.3597282051282051,0.5772974358974361,8.97223,-0.25001,9.05775,-0.67452
Y64N,Y,64,N,15.12706731796637,0.3885835784094497,17063.733977856627,-0.2173847316704459,0.2324215246636767,128636.529591,128636.529591,0.6328717948717951,0.8676923076923077,0.3696102564102564,0.1183794871794872,0.160251282051282,0.2754820512820511,0.0747948717948717,0.35745641025641,0.5751384615384617,8.99047,-0.23177,9.37057,-0.3617
L160C,L,160,C,19.460077919200867,0.2857013882360723,17041.30135420073,-0.2263794406651549,0.2358285348688425,139827.2340752,139827.2340752,0.7270307692307695,0.8729435897435894,0.3689333333333334,0.1134615384615384,0.1654974358974359,0.2700102564102562,0.0742461538461538,0.3644615384615383,0.5791128205128211,7.20307,-2.01917,8.54211,-1.19016
V9P,V,9,P,18.27801573062365,0.2768232762869214,16893.174566222235,-0.2226757369614512,0.2377699680511184,152333.7539664,152333.7539664,0.6366615384615386,0.8670615384615386,0.3717076923076923,0.0818974358974358,0.1559897435897436,0.2713230769230767,0.076025641025641,0.3570461538461537,0.5759076923076925,7.7094,-1.51285,8.48698,-1.24529
A190N,A,190,N,16.15380979289485,0.3919262972679461,17741.038454706922,-0.227437641723356,0.2313073979591836,134515.4446191,134515.4446191,0.6831384615384615,0.870902564102564,0.3693487179487181,0.114974358974359,0.1633948717948718,0.2709282051282052,0.0743025641025641,0.362851282051282,0.5772923076923077,9.18684,-0.03541,9.57886,-0.15341
F68A,F,68,A,14.171378260239017,0.38061615569204,17087.372665008304,-0.2200302343159486,0.2311289288005131,141768.2891242,141768.2891242,0.6335589743589746,0.8687435897435899,0.367497435897436,0.1228358974358974,0.1597641025641026,0.2785384615384614,0.0747230769230769,0.3574051282051281,0.5756871794871795,6.44148,-2.78077,8.39543,-1.33684
N85A,N,85,A,14.703965210701009,0.4010099335233236,16709.04437585065,-0.2343159486016629,0.2358898847631242,132489.0687196,132489.0687196,0.5984205128205129,0.8736256410256413,0.3636358974358975,0.1103384615384616,0.164476923076923,0.2818410256410255,0.0730102564102564,0.3608358974358973,0.5780974358974361,9.24044,0.0182,9.71029,-0.02198
K92S,K,92,S,15.21596051076368,0.4424261611432626,16637.999463359065,-0.2448979591836735,0.2273047375160056,142731.6832649,142731.6832649,0.6197076923076923,0.8706512820512818,0.3676000000000001,0.1130102564102564,0.1622051282051281,0.2732820512820511,0.074276923076923,0.3631846153846151,0.5779846153846153,8.09711,-1.12513,8.7384,-0.99387
P189R,P,189,R,17.785344800200235,0.3031926212740566,16989.83850402078,-0.2147392290249433,0.2395984703632891,145591.8089329,145591.8089329,0.5737743589743591,0.8745025641025643,0.3629333333333332,0.1056102564102564,0.1661692307692308,0.2834461538461538,0.0720358974358974,0.361774358974359,0.5773897435897436,9.13244,-0.08981,9.5046,-0.22767
S127P,S,127,P,17.539855315478796,0.3058255743517639,17492.45779574454,-0.2321995464852607,0.2287547892720313,130698.3299248,130698.3299248,0.652348717948718,0.8710769230769232,0.3690102564102563,0.1179128205128205,0.1621025641025641,0.2709999999999999,0.0749589743589743,0.3623743589743588,0.577497435897436,9.00367,-0.21857,9.01091,-0.72136
F154D,F,154,D,18.80906282393042,0.4107090178178537,16519.191360404708,-0.20151171579743,0.2319782330345705,126973.8310916,126973.8310916,0.6037179487179486,0.8673948717948717,0.3705692307692307,0.1251487179487179,0.159374358974359,0.2720717948717945,0.0757743589743589,0.3585999999999998,0.5737230769230771,7.58329,-1.63895,9.91924,0.18697
L181M,L,181,M,15.74065681143568,0.3901551859189438,17265.06045855174,-0.2279667422524565,0.2336421725239617,138523.0363459,138523.0363459,0.6134102564102564,0.8707487179487181,0.3667692307692309,0.1157948717948718,0.1609487179487179,0.2768410256410255,0.0739333333333333,0.3610051282051281,0.5771384615384615,8.67393,-0.54831,8.79925,-0.93302
A40D,A,40,D,15.841738225962072,0.4402332776391214,17524.89912902409,-0.2120937263794406,0.2280165816326531,141450.1850304,141450.1850304,0.6516769230769232,0.8708512820512823,0.3694871794871795,0.1140205128205128,0.1700205128205126,0.269805128205128,0.0746820512820512,0.3633692307692306,0.5758205128205128,8.55446,-0.66779,8.8291,-0.90317
S182V,S,182,V,17.753335188908633,0.3231246747075707,17190.218759273972,-0.2401360544217686,0.2311302681992339,117472.7727531,117472.7727531,0.110051282051282,0.876743589743589,0.3636974358974358,0.1095641025641025,0.1506974358974358,0.2758461538461538,0.0725128205128205,0.3676307692307691,0.5794615384615388,9.05401,-0.16823,9.50807,-0.2242
S34D,S,34,D,16.73308060410078,0.312981406523657,17342.83644397291,-0.2163265306122448,0.2275622208040837,126909.2866555,126909.2866555,0.6337589743589745,0.8732615384615386,0.3671641025641025,0.106728205128205,0.1395384615384615,0.2756358974358973,0.073625641025641,0.361425641025641,0.5767948717948719,8.90342,-0.31883,9.28803,-0.44424
Y169W,Y,169,W,16.39075503943392,0.4075025212276906,18014.256861069403,-0.2364323507180649,0.227728142948309,142485.6309933,142485.6309933,0.5950923076923077,0.8737128205128203,0.3669076923076924,0.113076923076923,0.1648820512820513,0.2747897435897435,0.0733333333333333,0.3622205128205128,0.579246153846154,7.00516,-2.21709,9.43149,-0.30078
K126M,K,126,M,16.74018224275577,0.2762683439914108,17176.478650010275,-0.253363567649282,0.2380626598465476,141165.4879781,141165.4879781,0.6555948717948716,0.8737589743589741,0.3648102564102565,0.1122615384615384,0.165451282051282,0.2802205128205127,0.0727538461538461,0.3615948717948718,0.578820512820513,8.72565,-0.4966,9.0785,-0.65377
Y163K,Y,163,K,14.70384581828573,0.443211301328661,17235.191667051637,-0.2025699168556311,0.2343277848911653,141914.8309793,141914.8309793,0.5584410256410256,0.8682461538461538,0.3679846153846152,0.1276410256410256,0.1590615384615385,0.2782461538461538,0.0746102564102564,0.3570871794871794,0.5743076923076925,6.22491,-2.99733,8.64072,-1.09155
V151S,V,151,S,15.067721851194383,0.3889279256362568,16569.762758443325,-0.2210884353741496,0.2386445012787723,129375.069012,129375.069012,0.6219435897435898,0.8671487179487177,0.3695692307692308,0.1195743589743591,0.1595948717948717,0.2765128205128202,0.074974358974359,0.3562153846153845,0.5758153846153848,9.27536,0.05312,9.98994,0.25767
Y121Q,Y,121,Q,14.159271723053935,0.4617716312259193,16482.53965924103,-0.2173847316704459,0.2412740076824586,135482.8011823,135482.8011823,0.7016666666666667,0.8676923076923075,0.3676923076923077,0.1205487179487179,0.1571897435897436,0.2789076923076921,0.0746820512820512,0.3566615384615384,0.5740512820512821,8.87997,-0.34228,8.77601,-0.95627
S67N,S,67,N,15.437402553618648,0.3551694883319879,17292.299904710577,-0.2311413454270597,0.231920867900447,127970.1551826,127970.1551826,0.6342000000000001,0.8732307692307693,0.3668615384615384,0.1138820512820513,0.1627128205128204,0.2765230769230767,0.0732205128205128,0.3616871794871795,0.5784051282051283,8.07826,-1.14399,8.52344,-1.20883
C156Y,C,156,Y,15.391464247921972,0.3184847690841337,17496.014433586235,-0.2374905517762661,0.2277593889242525,123128.1561568,123128.1561568,0.6689025641025641,0.8722717948717948,0.3643128205128205,0.1114358974358974,0.1642666666666666,0.2773948717948716,0.0733179487179487,0.3644051282051282,0.5782000000000002,6.46412,-2.75812,8.42514,-1.30713
P94G,P,94,G,19.69045211498444,0.3080258427216317,17078.7638142238,-0.2306122448979591,0.2260947503201023,130883.9956158,130883.9956158,0.5157897435897435,0.8739641025641027,0.3646000000000001,0.1082461538461538,0.1657435897435897,0.2754358974358972,0.0730615384615384,0.3654820512820512,0.5785487179487182,8.67125,-0.55099,8.6979,-1.03437
P80W,P,80,W,17.502086760262923,0.2655779290378617,17875.597250455456,-0.2486016628873772,0.2258078880407131,124200.0047108,124200.0047108,0.8385384615384618,0.8804000000000002,0.3615641025641027,0.0982,0.1598102564102565,0.2810461538461537,0.0704205128205128,0.3662923076923076,0.5827487179487181,7.06104,-2.16121,8.19838,-1.53389
S106R,S,106,R,17.446945284810145,0.3285436270130666,17189.39703982664,-0.2163265306122448,0.2307643312101916,127239.5554878,127239.5554878,0.8470769230769234,0.8735897435897433,0.3656205128205128,0.1142974358974358,0.1649948717948717,0.2784871794871794,0.0731846153846153,0.3613794871794872,0.5770564102564104,7.2101,-2.01215,8.37656,-1.35571
G99M,G,99,M,18.529535913300453,0.3067423739322403,17495.619184021787,-0.237490551776266,0.2281516889738684,149801.3420249,149801.3420249,0.639374358974359,0.8747435897435897,0.3628615384615385,0.1064051282051282,0.1683282051282051,0.2892974358974358,0.0714153846153846,0.3572512820512817,0.578097435897436,6.92862,-2.29363,8.239,-1.49328
N38F,N,38,F,13.936531021970476,0.469592952787354,17017.751458339386,-0.2448979591836735,0.2361862244897963,131217.5298023,131217.5298023,0.6796205128205128,0.8770564102564105,0.3625589743589744,0.0968717948717948,0.1163794871794871,0.2795999999999998,0.0719282051282051,0.3656358974358973,0.5801538461538464,8.73662,-0.48563,8.79868,-0.93359
C59P,C,59,P,17.715123830394678,0.3220642162385865,17069.617252989057,-0.2253212396069538,0.2328544061302686,131761.1376311,131761.1376311,0.6406358974358977,0.8656205128205131,0.3696461538461538,0.1193230769230769,0.1627692307692308,0.2711025641025639,0.0762051282051282,0.3603076923076921,0.5746717948717951,8.78306,-0.43918,9.21064,-0.52164
R161T,R,161,T,15.556696312574536,0.4314363964230593,16349.545526641326,-0.2486016628873772,0.2354836643177448,143932.0379978,143932.0379978,0.8782564102564103,0.8732871794871796,0.3662153846153845,0.1110615384615384,0.1662564102564102,0.2718666666666666,0.0737230769230769,0.3670307692307691,0.5795333333333335,10.2205,0.99825,9.23593,-0.49634
V18V,V,18,V,15.51177385428767,0.4410194668598703,16901.26067295322,-0.2306122448979591,0.2286198083067092,134000.1250991,134000.1250991,0.6363589743589746,0.8722000000000001,0.366425641025641,0.1136205128205127,0.1635179487179487,0.2762615384615383,0.0736615384615384,0.3622358974358973,0.5777589743589745,9.22224,0.0,9.73227,0.0
T191H,T,191,H,18.843229658462537,0.2975124598905656,17518.136217316132,-0.2309901738473167,0.2363584183673469,144163.9072445,144163.9072445,0.5928820512820513,0.8705384615384613,0.3672717948717948,0.1238410256410257,0.1618051282051282,0.2777282051282051,0.0738410256410256,0.3594153846153846,0.5771179487179487,9.04777,-0.17447,9.36411,-0.36816
A152Q,A,152,Q,16.89232154233224,0.4039891682525175,17322.451915879694,-0.2269085411942555,0.2291905672402804,145152.0365333,145152.0365333,0.6646615384615385,0.870820512820513,0.3672461538461539,0.1164666666666667,0.1629846153846154,0.2740666666666662,0.0741384615384615,0.3628358974358973,0.5763384615384617,9.22245,0.0002,9.71232,-0.01995
E8K,E,8,K,18.262339112369617,0.332377118957201,17464.710808374766,-0.2306122448979591,0.2302300319488825,130850.158029,130850.158029,0.6362717948717951,0.8725538461538461,0.3665589743589743,0.1131846153846154,0.1636717948717949,0.2758923076923075,0.0735794871794871,0.3625692307692306,0.5783897435897437,8.99013,-0.23211,9.31475,-0.41753
G99N,G,99,N,16.123107043779346,0.3638462901404504,16877.589965235584,-0.229554043839758,0.2295283620140221,135501.3925887,135501.3925887,0.6693128205128207,0.8726205128205128,0.3660923076923078,0.1147641025641025,0.164153846153846,0.2825794871794871,0.0725589743589743,0.3582871794871793,0.5779384615384616,6.54014,-2.6821,8.0524,-1.67987
A188D,A,188,D,14.276019188319786,0.3819229525822615,16550.015135474358,-0.2120937263794406,0.2350318877551021,145988.4059426,145988.4059426,0.8378615384615388,0.8710615384615386,0.3695333333333332,0.1225076923076922,0.1630564102564103,0.2700615384615384,0.0746564102564102,0.3628871794871795,0.5759384615384616,9.12212,-0.10013,9.68239,-0.04988
N2T,N,2,T,18.78354407752336,0.3261352883268242,17972.357523123028,-0.2315192743764171,0.2318989769820974,140166.7384361,140166.7384361,0.6382153846153847,0.8734461538461539,0.3645589743589743,0.1162871794871795,0.1652974358974359,0.2761641025641024,0.0734307692307692,0.3651897435897435,0.5783076923076924,9.24327,0.02103,9.60757,-0.1247
G170H,G,170,H,16.125627881291518,0.3434945403490966,18438.28364457836,-0.2332577475434618,0.2224570337364742,142979.8906476,142979.8906476,0.5753179487179487,0.8713076923076924,0.3663846153846154,0.1097230769230769,0.1613538461538461,0.2808410256410256,0.0731384615384615,0.3589743589743591,0.577117948717949,5.81547,-3.40677,9.82004,0.08776
L185G,L,185,G,17.85328261305574,0.3505219388984312,16617.529709971164,-0.2210884353741496,0.2574823830877648,136409.7244612,136409.7244612,0.1676923076923076,0.8682051282051279,0.3699282051282051,0.1198717948717949,0.1622717948717949,0.2657794871794871,0.0759384615384615,0.3647589743589743,0.5766974358974359,9.24265,0.0204,9.78058,0.04831
P189L,P,189,L,17.37400047559769,0.2785519713912117,15845.039203700258,-0.2401360544217687,0.2609642401021708,125795.6144031,125795.6144031,0.6046717948717949,0.877128205128205,0.361030769230769,0.1176820512820513,0.1701641025641026,0.2862974358974359,0.0709794871794871,0.3627179487179485,0.5793743589743592,8.64713,-0.57512,8.51664,-1.21563
K130E,K,130,E,15.550892123797611,0.4132985086875889,16534.33213684983,-0.2306122448979591,0.2345942492012775,143760.8913032,143760.8913032,0.6633743589743588,0.8715641025641024,0.3665794871794873,0.1142051282051281,0.1631179487179487,0.2757333333333331,0.0739076923076923,0.3622461538461537,0.5768205128205129,9.06092,-0.16133,9.53897,-0.1933
F43R,F,43,R,15.592164429600498,0.4429417553343815,17841.83080464988,-0.20151171579743,0.2319361022364221,148608.8924021,148608.8924021,0.6336666666666668,0.867671794871795,0.3690153846153846,0.1214564102564103,0.1721282051282052,0.2749333333333331,0.0753128205128205,0.3584769230769229,0.5739692307692309,9.3627,0.14045,9.98443,0.25216
Y37H,Y,37,H,15.052236738381076,0.3877224373732473,17757.888811392797,-0.2210884353741496,0.2303071017274474,128843.5647844,128843.5647844,0.6343897435897436,0.8663538461538464,0.3698974358974359,0.1189076923076923,0.1655333333333333,0.2737692307692306,0.0754102564102564,0.3581435897435896,0.5743589743589744,9.17959,-0.04265,9.73179,-0.00048
E133E,E,133,E,15.51177385428767,0.4410194668598703,16901.26067295322,-0.2306122448979591,0.2286198083067092,134000.1250991,134000.1250991,0.6363589743589746,0.8722000000000001,0.366425641025641,0.1136205128205127,0.1635179487179487,0.2762615384615383,0.0736615384615384,0.3622358974358973,0.5777589743589745,9.22224,0.0,9.73227,0.0
R166D,R,166,D,19.144503374586424,0.3671279349541423,14051.366098491844,-0.2306122448979591,0.2684058898847628,132418.2618867,132418.2618867,0.6879128205128208,0.8719128205128208,0.3679641025641025,0.1193538461538462,0.1636564102564102,0.2733999999999998,0.0740820512820513,0.3623025641025642,0.5775333333333332,5.30067,-3.92158,9.95867,0.2264
G72Y,G,72,Y,17.99844362082356,0.3864512745552503,16542.261405094596,-0.2427815570672714,0.2301970756516214,134865.1765951,134865.1765951,0.6349384615384617,0.8771641025641027,0.3628717948717949,0.1073128205128205,0.1671179487179486,0.2833384615384614,0.0713538461538461,0.3630615384615384,0.580497435897436,7.36089,-1.86135,8.49667,-1.2356
Q77I,Q,77,I,19.86367237291876,0.2447690986554526,18035.68364464893,-0.2411942554799698,0.222359335038364,128294.0134953,128294.0134953,0.9796820512820514,0.87694358974359,0.3646564102564102,0.1003948717948717,0.163805128205128,0.2756717948717947,0.0725435897435897,0.3666923076923076,0.5804820512820513,7.15274,-2.06951,8.30248,-1.4298
A103S,A,103,S,14.101844903109624,0.3577272853755343,16784.934515631758,-0.2263794406651549,0.2340229885057465,142076.515106,142076.515106,0.5817538461538461,0.8698051282051285,0.3687538461538462,0.1144769230769231,0.1615333333333332,0.2703948717948716,0.0747333333333333,0.3641846153846153,0.5767897435897434,9.22571,0.00346,9.70068,-0.03159
Y48L,Y,48,L,17.53251900270555,0.4565299465923036,18322.47315105167,-0.2279667422524565,0.2241383728379246,139632.1570495,139632.1570495,0.6314512820512822,0.8714051282051284,0.366025641025641,0.1160666666666667,0.1518923076923077,0.2813897435897434,0.0733794871794871,0.3578461538461537,0.5759794871794872,6.81525,-2.40699,8.34664,-1.38563
I140E,I,140,E,16.544450541463654,0.421333307972659,17367.3725016994,-0.2052154195011337,0.2353703703703704,145749.5614341,145749.5614341,0.6393179487179489,0.8673794871794875,0.368646153846154,0.121148717948718,0.1587897435897435,0.2757025641025639,0.0748974358974358,0.3581692307692307,0.5743487179487178,7.03094,-2.1913,8.85423,-0.87804
N38S,N,38,S,16.542958270219607,0.3376175812448219,17302.895528755933,-0.2300831443688586,0.2339347408829175,140073.5742404,140073.5742404,0.6358153846153846,0.8712051282051283,0.3659692307692307,0.1141128205128205,0.166497435897436,0.2760410256410254,0.0740666666666666,0.3627589743589743,0.5771076923076924,9.20551,-0.01674,9.53489,-0.19738
N90M,N,90,M,17.285817198971934,0.359639233763256,16601.360380744223,-0.2385487528344671,0.2445750798722047,131167.7464616,131167.7464616,0.746020512820513,0.8743230769230772,0.3631282051282052,0.1120974358974359,0.166851282051282,0.282953846153846,0.0725128205128205,0.3611846153846152,0.5779435897435897,7.16453,-2.05771,8.43068,-1.30159
T191N,T,191,N,14.258293577051395,0.46084108845386,16218.514154925388,-0.228344671201814,0.2332311621966797,136234.7602209,136234.7602209,0.5860974358974359,0.8713128205128202,0.3674205128205129,0.1204923076923076,0.1627384615384616,0.2784820512820513,0.0734923076923077,0.358753846153846,0.5774358974358976,9.20285,-0.0194,9.66943,-0.06284
F183W,F,183,W,14.541941174647777,0.4133290556996002,17770.37417335632,-0.2353741496598638,0.2303954081632662,121401.339388,121401.339388,0.6625794871794873,0.8734615384615384,0.3669025641025639,0.1122410256410256,0.1648461538461539,0.2735846153846154,0.0737589743589743,0.3633897435897437,0.5791948717948718,8.78742,-0.43482,8.93049,-0.80178
A190Q,A,190,Q,15.283580151291332,0.3877107061451918,17129.563768552885,-0.227437641723356,0.2328489483747612,142339.4127297,142339.4127297,0.6525641025641028,0.8712000000000004,0.367302564102564,0.1183641025641026,0.1629333333333334,0.2743487179487178,0.0741025641025641,0.3623948717948717,0.5764153846153847,9.11184,-0.11041,9.59469,-0.13758
D73F,D,73,F,16.35893694915817,0.4179534626837659,16242.590765318182,-0.2597127739984883,0.2518239795918373,128361.3632441,128361.3632441,0.651748717948718,0.8770358974358977,0.3622410256410257,0.098476923076923,0.1612769230769231,0.2804512820512819,0.0714974358974359,0.3659128205128204,0.5817846153846156,8.62678,-0.59547,8.69616,-1.03611
W104G,W,104,G,17.36893726253612,0.3842156757144175,15201.474559896007,-0.2126228269085412,0.2417299035369771,143276.7986803,143276.7986803,0.6628615384615386,0.8657743589743588,0.3694820512820512,0.1218666666666666,0.157676923076923,0.2706358974358974,0.0762666666666666,0.3614358974358974,0.5735282051282053,7.85033,-1.37191,8.38985,-1.34242
N2G,N,2,G,15.202115097951982,0.3692024412755665,17691.91524187149,-0.2309145880574452,0.230345932094811,139678.0357897,139678.0357897,0.6371487179487181,0.8717538461538462,0.3665641025641026,0.1118358974358975,0.1631230769230769,0.2720256410256408,0.0745282051282051,0.3646820512820511,0.577620512820513,9.16571,-0.05654,9.48181,-0.25046
S114L,S,114,L,15.54670175646381,0.3752883526667783,16042.916114795227,-0.2417233560090703,0.2385449904275683,120175.3243867,120175.3243867,0.7207538461538464,0.8769743589743593,0.363276923076923,0.109825641025641,0.1650205128205128,0.2824256410256409,0.0718153846153845,0.3620820512820512,0.5792307692307691,8.72278,-0.49947,9.41995,-0.31232
Y117K,Y,117,K,16.040918316187344,0.3213034304656584,19140.1056790354,-0.2025699168556311,0.2253393085787457,123107.0907757,123107.0907757,0.7786923076923078,0.868251282051282,0.3679794871794873,0.1207897435897436,0.1589589743589743,0.2782615384615384,0.0746,0.3570820512820512,0.5742871794871794,9.08035,-0.1419,9.94634,0.21407
V50T,V,50,T,13.849237670422337,0.561522785962698,16136.704076017044,-0.2247921390778533,0.229738019169329,144781.2666699,144781.2666699,0.6391333333333334,0.8695794871794872,0.3685435897435897,0.1150974358974359,0.1705230769230769,0.2743230769230767,0.0745538461538461,0.360102564102564,0.5768666666666667,8.92484,-0.2974,9.06999,-0.66228
S34A,S,34,A,17.147729413836835,0.3440807772510478,16316.346025520226,-0.2348450491307634,0.2483375959079291,133494.3245006,133494.3245006,0.633697435897436,0.8746307692307693,0.3640666666666666,0.0992871794871795,0.1504307692307691,0.2821179487179485,0.0725897435897435,0.3602923076923076,0.5787333333333334,8.97241,-0.24983,9.24632,-0.48595
P80G,P,80,G,14.870360042941478,0.3874249183367608,17600.7367673192,-0.2306122448979591,0.2271510883482713,125856.7215223,125856.7215223,0.6120871794871794,0.8739743589743589,0.3645948717948719,0.1101999999999999,0.1611128205128205,0.2754461538461537,0.073025641025641,0.3654974358974358,0.578528205128205,7.44444,-1.77781,8.48864,-1.24363
N38T,N,38,T,16.616455751141743,0.3505244909390629,17635.114580689937,-0.2337868480725623,0.2324936061381071,135786.6473926,135786.6473926,0.645517948717949,0.8736205128205129,0.3649538461538461,0.1094871794871795,0.1555179487179487,0.2738512820512818,0.0736410256410256,0.3666923076923076,0.5781435897435898,9.19242,-0.02983,9.53214,-0.20013
A188T,A,188,T,18.19789554596214,0.4167311223489587,17449.840492955747,-0.2300831443688586,0.2255264837268666,142496.3360515,142496.3360515,0.7824153846153848,0.871897435897436,0.3682307692307693,0.1144307692307692,0.1645025641025641,0.2686205128205129,0.0744717948717948,0.3666051282051282,0.577630769230769,9.17105,-0.0512,9.64973,-0.08255
I140K,I,140,K,16.69275079793682,0.4373839563619338,18144.22252847961,-0.2052154195011337,0.2329182630906771,141867.9088817,141867.9088817,0.6406923076923079,0.8680102564102564,0.3684923076923077,0.1202666666666666,0.1594717948717949,0.276230769230769,0.0746564102564102,0.3581846153846152,0.5752666666666667,7.26497,-1.95727,8.76455,-0.96772
K24K,K,24,K,15.51177385428767,0.4410194668598703,16901.26067295322,-0.2306122448979591,0.2286198083067092,134000.1250991,134000.1250991,0.6363589743589746,0.8722000000000001,0.366425641025641,0.1136205128205127,0.1635179487179487,0.2762615384615383,0.0736615384615384,0.3622358974358973,0.5777589743589745,9.22224,0.0,9.73227,0.0
I78P,I,78,P,16.007368439737142,0.2701549595287853,18424.59249609439,-0.2210884353741496,0.2257864450127875,140806.4113205,140806.4113205,0.5582820512820512,0.8652923076923076,0.3722461538461539,0.1228,0.1572051282051282,0.267953846153846,0.0765692307692307,0.3592717948717948,0.5752256410256411,6.30727,-2.91497,8.45737,-1.2749
